Date,Cases
2001/1/1,1809
2001/1/2,1143
2001/1/3,1151
2001/1/4,1166
2001/1/5,1267
2001/1/6,1290
2001/1/7,1104
2001/1/8,1157
2001/1/9,1184
2001/1/10,1237
2001/1/11,1227
2001/1/12,1353
2001/1/13,1310
2001/1/14,1118
2001/1/15,1312
2001/1/16,1251
2001/1/17,1288
2001/1/18,1278
2001/1/19,1214
2001/1/20,1256
2001/1/21,1105
2001/1/22,1180
2001/1/23,1250
2001/1/24,1101
2001/1/25,1183
2001/1/26,1296
2001/1/27,1214
2001/1/28,1076
2001/1/29,1172
2001/1/30,1211
2001/1/31,1189
2001/2/1,1332
2001/2/2,1236
2001/2/3,1184
2001/2/4,1149
2001/2/5,1313
2001/2/6,1195
2001/2/7,1245
2001/2/8,1242
2001/2/9,1285
2001/2/10,1089
2001/2/11,1049
2001/2/12,1235
2001/2/13,1241
2001/2/14,1228
2001/2/15,1294
2001/2/16,1213
2001/2/17,1077
2001/2/18,1080
2001/2/19,1211
2001/2/20,1256
2001/2/21,1223
2001/2/22,1126
2001/2/23,1201
2001/2/24,1237
2001/2/25,1162
2001/2/26,1203
2001/2/27,1247
2001/2/28,1226
2001/3/1,1591
2001/3/2,1397
2001/3/3,1323
2001/3/4,1162
2001/3/5,1232
2001/3/6,1247
2001/3/7,1369
2001/3/8,1356
2001/3/9,1419
2001/3/10,1266
2001/3/11,1144
2001/3/12,1264
2001/3/13,1291
2001/3/14,1317
2001/3/15,1258
2001/3/16,1256
2001/3/17,1088
2001/3/18,1191
2001/3/19,1344
2001/3/20,1433
2001/3/21,1373
2001/3/22,1373
2001/3/23,1481
2001/3/24,1338
2001/3/25,1102
2001/3/26,1215
2001/3/27,1409
2001/3/28,1321
2001/3/29,1337
2001/3/30,1350
2001/3/31,1306
2001/4/1,1357
2001/4/2,1322
2001/4/3,1353
2001/4/4,1345
2001/4/5,1273
2001/4/6,1381
2001/4/7,1352
2001/4/8,1319
2001/4/9,1337
2001/4/10,1341
2001/4/11,1311
2001/4/12,1457
2001/4/13,1336
2001/4/14,1347
2001/4/15,1226
2001/4/16,1177
2001/4/17,1194
2001/4/18,1338
2001/4/19,1323
2001/4/20,1475
2001/4/21,1369
2001/4/22,1353
2001/4/23,1308
2001/4/24,1294
2001/4/25,1299
2001/4/26,1358
2001/4/27,1504
2001/4/28,1302
2001/4/29,1295
2001/4/30,1433
2001/5/1,1542
2001/5/2,1461
2001/5/3,1440
2001/5/4,1533
2001/5/5,1346
2001/5/6,1222
2001/5/7,1391
2001/5/8,1412
2001/5/9,1469
2001/5/10,1336
2001/5/11,1358
2001/5/12,1244
2001/5/13,1209
2001/5/14,1300
2001/5/15,1420
2001/5/16,1381
2001/5/17,1408
2001/5/18,1439
2001/5/19,1335
2001/5/20,1281
2001/5/21,1437
2001/5/22,1277
2001/5/23,1232
2001/5/24,1312
2001/5/25,1350
2001/5/26,1161
2001/5/27,1150
2001/5/28,1325
2001/5/29,1408
2001/5/30,1343
2001/5/31,1297
2001/6/1,1659
2001/6/2,1398
2001/6/3,1184
2001/6/4,1372
2001/6/5,1280
2001/6/6,1344
2001/6/7,1326
2001/6/8,1370
2001/6/9,1386
2001/6/10,1413
2001/6/11,1476
2001/6/12,1380
2001/6/13,1429
2001/6/14,1392
2001/6/15,1421
2001/6/16,1376
2001/6/17,1435
2001/6/18,1494
2001/6/19,1535
2001/6/20,1405
2001/6/21,1321
2001/6/22,1374
2001/6/23,1326
2001/6/24,1286
2001/6/25,1381
2001/6/26,1363
2001/6/27,1363
2001/6/28,1380
2001/6/29,1450
2001/6/30,1403
2001/7/1,1599
2001/7/2,1372
2001/7/3,1316
2001/7/4,1420
2001/7/5,1375
2001/7/6,1455
2001/7/7,1447
2001/7/8,1385
2001/7/9,1431
2001/7/10,1492
2001/7/11,1397
2001/7/12,1419
2001/7/13,1511
2001/7/14,1442
2001/7/15,1391
2001/7/16,1511
2001/7/17,1425
2001/7/18,1406
2001/7/19,1402
2001/7/20,1555
2001/7/21,1502
2001/7/22,1429
2001/7/23,1468
2001/7/24,1418
2001/7/25,1463
2001/7/26,1434
2001/7/27,1465
2001/7/28,1458
2001/7/29,1423
2001/7/30,1463
2001/7/31,1416
2001/8/1,1586
2001/8/2,1310
2001/8/3,1417
2001/8/4,1516
2001/8/5,1472
2001/8/6,1503
2001/8/7,1441
2001/8/8,1433
2001/8/9,1343
2001/8/10,1563
2001/8/11,1390
2001/8/12,1406
2001/8/13,1412
2001/8/14,1409
2001/8/15,1520
2001/8/16,1433
2001/8/17,1334
2001/8/18,1324
2001/8/19,1244
2001/8/20,1467
2001/8/21,1349
2001/8/22,1382
2001/8/23,1308
2001/8/24,1418
2001/8/25,1385
2001/8/26,1420
2001/8/27,1483
2001/8/28,1410
2001/8/29,1454
2001/8/30,1427
2001/8/31,1473
2001/9/1,1580
2001/9/2,1325
2001/9/3,1367
2001/9/4,1401
2001/9/5,1308
2001/9/6,1421
2001/9/7,1570
2001/9/8,1574
2001/9/9,1321
2001/9/10,1382
2001/9/11,1374
2001/9/12,1343
2001/9/13,1274
2001/9/14,1403
2001/9/15,1501
2001/9/16,1340
2001/9/17,1247
2001/9/18,1286
2001/9/19,1288
2001/9/20,1367
2001/9/21,1500
2001/9/22,1435
2001/9/23,1266
2001/9/24,1283
2001/9/25,1310
2001/9/26,1393
2001/9/27,1450
2001/9/28,1462
2001/9/29,1383
2001/9/30,1346
2001/10/1,1706
2001/10/2,1410
2001/10/3,1495
2001/10/4,1336
2001/10/5,1424
2001/10/6,1366
2001/10/7,1243
2001/10/8,1381
2001/10/9,1462
2001/10/10,1380
2001/10/11,1397
2001/10/12,1477
2001/10/13,1256
2001/10/14,1196
2001/10/15,1366
2001/10/16,1311
2001/10/17,1376
2001/10/18,1404
2001/10/19,1492
2001/10/20,1515
2001/10/21,1364
2001/10/22,1310
2001/10/23,1394
2001/10/24,1271
2001/10/25,1279
2001/10/26,1409
2001/10/27,1372
2001/10/28,1320
2001/10/29,1343
2001/10/30,1394
2001/10/31,1577
2001/11/1,1736
2001/11/2,1460
2001/11/3,1354
2001/11/4,1259
2001/11/5,1314
2001/11/6,1338
2001/11/7,1367
2001/11/8,1305
2001/11/9,1278
2001/11/10,1348
2001/11/11,1274
2001/11/12,1247
2001/11/13,1339
2001/11/14,1311
2001/11/15,1354
2001/11/16,1419
2001/11/17,1344
2001/11/18,1276
2001/11/19,1274
2001/11/20,1302
2001/11/21,1307
2001/11/22,1012
2001/11/23,1285
2001/11/24,1396
2001/11/25,1152
2001/11/26,1313
2001/11/27,1269
2001/11/28,1334
2001/11/29,1262
2001/11/30,1367
2001/12/1,1435
2001/12/2,1174
2001/12/3,1280
2001/12/4,1378
2001/12/5,1334
2001/12/6,1313
2001/12/7,1476
2001/12/8,1258
2001/12/9,1096
2001/12/10,1277
2001/12/11,1272
2001/12/12,1305
2001/12/13,1335
2001/12/14,1370
2001/12/15,1290
2001/12/16,1114
2001/12/17,1253
2001/12/18,1251
2001/12/19,1234
2001/12/20,1174
2001/12/21,1243
2001/12/22,1187
2001/12/23,1098
2001/12/24,908
2001/12/25,691
2001/12/26,892
2001/12/27,1061
2001/12/28,1084
2001/12/29,1068
2001/12/30,949
2001/12/31,1044
2002/1/1,1853
2002/1/2,1188
2002/1/3,1118
2002/1/4,1151
2002/1/5,1104
2002/1/6,1038
2002/1/7,1172
2002/1/8,1244
2002/1/9,1317
2002/1/10,1376
2002/1/11,1337
2002/1/12,1340
2002/1/13,1197
2002/1/14,1193
2002/1/15,1355
2002/1/16,1263
2002/1/17,1115
2002/1/18,1236
2002/1/19,1182
2002/1/20,1123
2002/1/21,1083
2002/1/22,1267
2002/1/23,1253
2002/1/24,1305
2002/1/25,1402
2002/1/26,1385
2002/1/27,1274
2002/1/28,1276
2002/1/29,1200
2002/1/30,1064
2002/1/31,988
2002/2/1,1378
2002/2/2,1219
2002/2/3,1041
2002/2/4,1067
2002/2/5,1153
2002/2/6,1201
2002/2/7,1227
2002/2/8,1300
2002/2/9,1261
2002/2/10,1102
2002/2/11,1231
2002/2/12,1339
2002/2/13,1157
2002/2/14,1212
2002/2/15,1394
2002/2/16,1237
2002/2/17,1040
2002/2/18,1222
2002/2/19,1171
2002/2/20,1247
2002/2/21,1253
2002/2/22,1275
2002/2/23,1261
2002/2/24,1219
2002/2/25,1214
2002/2/26,1098
2002/2/27,1192
2002/2/28,1198
2002/3/1,1538
2002/3/2,1092
2002/3/3,915
2002/3/4,968
2002/3/5,1108
2002/3/6,1233
2002/3/7,1227
2002/3/8,1467
2002/3/9,1224
2002/3/10,1075
2002/3/11,1296
2002/3/12,1278
2002/3/13,1413
2002/3/14,1436
2002/3/15,1493
2002/3/16,1256
2002/3/17,1136
2002/3/18,1262
2002/3/19,1233
2002/3/20,1290
2002/3/21,1163
2002/3/22,1218
2002/3/23,1214
2002/3/24,1227
2002/3/25,1122
2002/3/26,1216
2002/3/27,1342
2002/3/28,1424
2002/3/29,1247
2002/3/30,1334
2002/3/31,1136
2002/4/1,1528
2002/4/2,1269
2002/4/3,1304
2002/4/4,1340
2002/4/5,1534
2002/4/6,1360
2002/4/7,1103
2002/4/8,1203
2002/4/9,1348
2002/4/10,1477
2002/4/11,1438
2002/4/12,1377
2002/4/13,1331
2002/4/14,1297
2002/4/15,1494
2002/4/16,1328
2002/4/17,1347
2002/4/18,1356
2002/4/19,1364
2002/4/20,1323
2002/4/21,1108
2002/4/22,1198
2002/4/23,1321
2002/4/24,1297
2002/4/25,1326
2002/4/26,1401
2002/4/27,1281
2002/4/28,1152
2002/4/29,1479
2002/4/30,1351
2002/5/1,1496
2002/5/2,1268
2002/5/3,1316
2002/5/4,1314
2002/5/5,1281
2002/5/6,1273
2002/5/7,1308
2002/5/8,1396
2002/5/9,1396
2002/5/10,1523
2002/5/11,1267
2002/5/12,1174
2002/5/13,1405
2002/5/14,1448
2002/5/15,1540
2002/5/16,1273
2002/5/17,1425
2002/5/18,1374
2002/5/19,1260
2002/5/20,1384
2002/5/21,1383
2002/5/22,1332
2002/5/23,1552
2002/5/24,1466
2002/5/25,1382
2002/5/26,1306
2002/5/27,1302
2002/5/28,1513
2002/5/29,1460
2002/5/30,1521
2002/5/31,1572
2002/6/1,1782
2002/6/2,1439
2002/6/3,1352
2002/6/4,1320
2002/6/5,1348
2002/6/6,1482
2002/6/7,1446
2002/6/8,1348
2002/6/9,1339
2002/6/10,1402
2002/6/11,1474
2002/6/12,1526
2002/6/13,1367
2002/6/14,1380
2002/6/15,1481
2002/6/16,1400
2002/6/17,1411
2002/6/18,1439
2002/6/19,1357
2002/6/20,1397
2002/6/21,1468
2002/6/22,1356
2002/6/23,1436
2002/6/24,1390
2002/6/25,1465
2002/6/26,1452
2002/6/27,1437
2002/6/28,1393
2002/6/29,1470
2002/6/30,1477
2002/7/1,1635
2002/7/2,1411
2002/7/3,1320
2002/7/4,1466
2002/7/5,1532
2002/7/6,1467
2002/7/7,1452
2002/7/8,1493
2002/7/9,1440
2002/7/10,1559
2002/7/11,1401
2002/7/12,1551
2002/7/13,1477
2002/7/14,1407
2002/7/15,1619
2002/7/16,1535
2002/7/17,1404
2002/7/18,1480
2002/7/19,1558
2002/7/20,1593
2002/7/21,1424
2002/7/22,1454
2002/7/23,1460
2002/7/24,1477
2002/7/25,1413
2002/7/26,1472
2002/7/27,1491
2002/7/28,1443
2002/7/29,1575
2002/7/30,1543
2002/7/31,1461
2002/8/1,1688
2002/8/2,1454
2002/8/3,1462
2002/8/4,1408
2002/8/5,1425
2002/8/6,1467
2002/8/7,1396
2002/8/8,1390
2002/8/9,1478
2002/8/10,1462
2002/8/11,1504
2002/8/12,1466
2002/8/13,1424
2002/8/14,1382
2002/8/15,1415
2002/8/16,1432
2002/8/17,1495
2002/8/18,1378
2002/8/19,1316
2002/8/20,1386
2002/8/21,1353
2002/8/22,1356
2002/8/23,1467
2002/8/24,1454
2002/8/25,1325
2002/8/26,1450
2002/8/27,1429
2002/8/28,1449
2002/8/29,1283
2002/8/30,1445
2002/8/31,1371
2002/9/1,1550
2002/9/2,1364
2002/9/3,1439
2002/9/4,1389
2002/9/5,1407
2002/9/6,1559
2002/9/7,1446
2002/9/8,1369
2002/9/9,1352
2002/9/10,1321
2002/9/11,1393
2002/9/12,1313
2002/9/13,1477
2002/9/14,1450
2002/9/15,1412
2002/9/16,1385
2002/9/17,1474
2002/9/18,1386
2002/9/19,1435
2002/9/20,1596
2002/9/21,1398
2002/9/22,1376
2002/9/23,1291
2002/9/24,1333
2002/9/25,1391
2002/9/26,1413
2002/9/27,1459
2002/9/28,1402
2002/9/29,1413
2002/9/30,1391
2002/10/1,1763
2002/10/2,1469
2002/10/3,1437
2002/10/4,1536
2002/10/5,1410
2002/10/6,1388
2002/10/7,1282
2002/10/8,1381
2002/10/9,1455
2002/10/10,1366
2002/10/11,1561
2002/10/12,1406
2002/10/13,1147
2002/10/14,1341
2002/10/15,1464
2002/10/16,1321
2002/10/17,1326
2002/10/18,1444
2002/10/19,1365
2002/10/20,1340
2002/10/21,1350
2002/10/22,1261
2002/10/23,1357
2002/10/24,1368
2002/10/25,1390
2002/10/26,1399
2002/10/27,1276
2002/10/28,1331
2002/10/29,1396
2002/10/30,1351
2002/10/31,1463
2002/11/1,1550
2002/11/2,1321
2002/11/3,1145
2002/11/4,1257
2002/11/5,1171
2002/11/6,1235
2002/11/7,1291
2002/11/8,1284
2002/11/9,1442
2002/11/10,1263
2002/11/11,1286
2002/11/12,1268
2002/11/13,1372
2002/11/14,1177
2002/11/15,1352
2002/11/16,1319
2002/11/17,1139
2002/11/18,1274
2002/11/19,1292
2002/11/20,1309
2002/11/21,1154
2002/11/22,1341
2002/11/23,1213
2002/11/24,1090
2002/11/25,1196
2002/11/26,1142
2002/11/27,1219
2002/11/28,843
2002/11/29,1108
2002/11/30,1098
2002/12/1,1269
2002/12/2,1172
2002/12/3,1117
2002/12/4,1168
2002/12/5,1156
2002/12/6,1282
2002/12/7,1207
2002/12/8,1065
2002/12/9,1257
2002/12/10,1305
2002/12/11,1278
2002/12/12,1344
2002/12/13,1458
2002/12/14,1252
2002/12/15,1245
2002/12/16,1245
2002/12/17,1282
2002/12/18,1184
2002/12/19,1320
2002/12/20,1364
2002/12/21,1282
2002/12/22,1149
2002/12/23,1148
2002/12/24,1058
2002/12/25,803
2002/12/26,950
2002/12/27,1076
2002/12/28,1164
2002/12/29,1094
2002/12/30,1281
2002/12/31,1195
2003/1/1,2018
2003/1/2,1170
2003/1/3,1298
2003/1/4,1197
2003/1/5,1149
2003/1/6,1261
2003/1/7,1202
2003/1/8,1318
2003/1/9,1317
2003/1/10,1232
2003/1/11,1103
2003/1/12,1055
2003/1/13,1180
2003/1/14,1153
2003/1/15,1214
2003/1/16,1212
2003/1/17,1260
2003/1/18,1100
2003/1/19,979
2003/1/20,1118
2003/1/21,1124
2003/1/22,1125
2003/1/23,1028
2003/1/24,1170
2003/1/25,1120
2003/1/26,877
2003/1/27,1104
2003/1/28,1122
2003/1/29,1115
2003/1/30,1195
2003/1/31,1187
2003/2/1,1410
2003/2/2,1154
2003/2/3,1199
2003/2/4,1109
2003/2/5,1136
2003/2/6,1206
2003/2/7,1160
2003/2/8,1027
2003/2/9,1021
2003/2/10,1220
2003/2/11,1084
2003/2/12,992
2003/2/13,1177
2003/2/14,1256
2003/2/15,1072
2003/2/16,1083
2003/2/17,1070
2003/2/18,1210
2003/2/19,1236
2003/2/20,1249
2003/2/21,1334
2003/2/22,1121
2003/2/23,1091
2003/2/24,1131
2003/2/25,1053
2003/2/26,1223
2003/2/27,1205
2003/2/28,1278
2003/3/1,1461
2003/3/2,1057
2003/3/3,1238
2003/3/4,1145
2003/3/5,1004
2003/3/6,1119
2003/3/7,1351
2003/3/8,1150
2003/3/9,965
2003/3/10,1201
2003/3/11,1319
2003/3/12,1335
2003/3/13,1312
2003/3/14,1455
2003/3/15,1341
2003/3/16,1255
2003/3/17,1324
2003/3/18,1252
2003/3/19,1283
2003/3/20,1195
2003/3/21,1261
2003/3/22,1210
2003/3/23,1285
2003/3/24,1201
2003/3/25,1362
2003/3/26,1330
2003/3/27,1405
2003/3/28,1171
2003/3/29,1177
2003/3/30,1180
2003/3/31,1306
2003/4/1,1610
2003/4/2,1356
2003/4/3,1290
2003/4/4,1248
2003/4/5,1113
2003/4/6,1146
2003/4/7,1162
2003/4/8,1273
2003/4/9,1368
2003/4/10,1454
2003/4/11,1336
2003/4/12,1384
2003/4/13,1274
2003/4/14,1350
2003/4/15,1441
2003/4/16,1367
2003/4/17,1203
2003/4/18,1343
2003/4/19,1363
2003/4/20,1237
2003/4/21,1273
2003/4/22,1314
2003/4/23,1376
2003/4/24,1349
2003/4/25,1435
2003/4/26,1329
2003/4/27,1280
2003/4/28,1446
2003/4/29,1363
2003/4/30,1305
2003/5/1,1350
2003/5/2,1360
2003/5/3,1180
2003/5/4,1108
2003/5/5,1416
2003/5/6,1388
2003/5/7,1432
2003/5/8,1292
2003/5/9,1389
2003/5/10,1340
2003/5/11,1112
2003/5/12,1352
2003/5/13,1350
2003/5/14,1291
2003/5/15,1435
2003/5/16,1507
2003/5/17,1345
2003/5/18,1217
2003/5/19,1389
2003/5/20,1392
2003/5/21,1337
2003/5/22,1339
2003/5/23,1386
2003/5/24,1345
2003/5/25,1284
2003/5/26,1172
2003/5/27,1393
2003/5/28,1279
2003/5/29,1303
2003/5/30,1423
2003/5/31,1282
2003/6/1,1487
2003/6/2,1384
2003/6/3,1374
2003/6/4,1343
2003/6/5,1267
2003/6/6,1414
2003/6/7,1385
2003/6/8,1297
2003/6/9,1368
2003/6/10,1499
2003/6/11,1300
2003/6/12,1357
2003/6/13,1364
2003/6/14,1347
2003/6/15,1335
2003/6/16,1333
2003/6/17,1348
2003/6/18,1399
2003/6/19,1333
2003/6/20,1451
2003/6/21,1289
2003/6/22,1258
2003/6/23,1364
2003/6/24,1355
2003/6/25,1368
2003/6/26,1328
2003/6/27,1362
2003/6/28,1396
2003/6/29,1370
2003/6/30,1337
2003/7/1,1566
2003/7/2,1336
2003/7/3,1331
2003/7/4,1301
2003/7/5,1372
2003/7/6,1277
2003/7/7,1410
2003/7/8,1290
2003/7/9,1309
2003/7/10,1342
2003/7/11,1482
2003/7/12,1419
2003/7/13,1427
2003/7/14,1440
2003/7/15,1470
2003/7/16,1425
2003/7/17,1361
2003/7/18,1428
2003/7/19,1557
2003/7/20,1370
2003/7/21,1386
2003/7/22,1344
2003/7/23,1379
2003/7/24,1378
2003/7/25,1437
2003/7/26,1480
2003/7/27,1339
2003/7/28,1480
2003/7/29,1442
2003/7/30,1430
2003/7/31,1405
2003/8/1,1612
2003/8/2,1365
2003/8/3,1307
2003/8/4,1363
2003/8/5,1520
2003/8/6,1463
2003/8/7,1427
2003/8/8,1499
2003/8/9,1294
2003/8/10,1408
2003/8/11,1359
2003/8/12,1387
2003/8/13,1475
2003/8/14,1444
2003/8/15,1506
2003/8/16,1492
2003/8/17,1361
2003/8/18,1417
2003/8/19,1436
2003/8/20,1474
2003/8/21,1683
2003/8/22,1398
2003/8/23,1389
2003/8/24,1368
2003/8/25,1477
2003/8/26,1390
2003/8/27,1425
2003/8/28,1334
2003/8/29,1600
2003/8/30,1400
2003/8/31,1190
2003/9/1,1331
2003/9/2,1406
2003/9/3,1336
2003/9/4,1346
2003/9/5,1373
2003/9/6,1589
2003/9/7,1440
2003/9/8,1326
2003/9/9,1457
2003/9/10,1424
2003/9/11,1457
2003/9/12,1530
2003/9/13,1465
2003/9/14,1350
2003/9/15,1460
2003/9/16,1405
2003/9/17,1327
2003/9/18,1386
2003/9/19,1453
2003/9/20,1348
2003/9/21,1374
2003/9/22,1292
2003/9/23,1622
2003/9/24,1396
2003/9/25,1327
2003/9/26,1257
2003/9/27,1188
2003/9/28,1287
2003/9/29,1246
2003/9/30,1223
2003/10/1,1547
2003/10/2,1368
2003/10/3,1346
2003/10/4,1436
2003/10/5,1224
2003/10/6,1419
2003/10/7,1380
2003/10/8,1531
2003/10/9,1518
2003/10/10,1435
2003/10/11,1390
2003/10/12,1262
2003/10/13,1330
2003/10/14,1268
2003/10/15,1323
2003/10/16,1701
2003/10/17,1751
2003/10/18,1323
2003/10/19,1247
2003/10/20,1441
2003/10/21,1388
2003/10/22,1374
2003/10/23,1368
2003/10/24,1465
2003/10/25,1378
2003/10/26,1266
2003/10/27,1301
2003/10/28,1333
2003/10/29,1352
2003/10/30,1338
2003/10/31,1524
2003/11/1,1655
2003/11/2,1145
2003/11/3,1346
2003/11/4,1365
2003/11/5,1343
2003/11/6,1308
2003/11/7,1262
2003/11/8,1218
2003/11/9,1076
2003/11/10,1289
2003/11/11,1371
2003/11/12,1275
2003/11/13,1192
2003/11/14,1370
2003/11/15,1279
2003/11/16,1084
2003/11/17,1226
2003/11/18,1201
2003/11/19,1357
2003/11/20,1470
2003/11/21,1409
2003/11/22,1343
2003/11/23,1146
2003/11/24,1188
2003/11/25,1173
2003/11/26,1286
2003/11/27,1009
2003/11/28,1102
2003/11/29,1172
2003/11/30,1395
2003/12/1,1416
2003/12/2,1210
2003/12/3,1304
2003/12/4,1119
2003/12/5,1368
2003/12/6,1244
2003/12/7,1186
2003/12/8,1185
2003/12/9,1207
2003/12/10,1223
2003/12/11,1083
2003/12/12,1155
2003/12/13,1123
2003/12/14,1076
2003/12/15,1226
2003/12/16,1143
2003/12/17,1083
2003/12/18,1129
2003/12/19,1199
2003/12/20,1206
2003/12/21,1117
2003/12/22,1150
2003/12/23,1134
2003/12/24,963
2003/12/25,729
2003/12/26,1025
2003/12/27,1179
2003/12/28,1169
2003/12/29,1175
2003/12/30,1160
2003/12/31,1104
2004/1/1,1883
2004/1/2,1317
2004/1/3,1183
2004/1/4,880
2004/1/5,941
2004/1/6,921
2004/1/7,1023
2004/1/8,1142
2004/1/9,1229
2004/1/10,1182
2004/1/11,1029
2004/1/12,1193
2004/1/13,1154
2004/1/14,1213
2004/1/15,1265
2004/1/16,1257
2004/1/17,1223
2004/1/18,1006
2004/1/19,1057
2004/1/20,1199
2004/1/21,1146
2004/1/22,1077
2004/1/23,1245
2004/1/24,1135
2004/1/25,1022
2004/1/26,1055
2004/1/27,1055
2004/1/28,1121
2004/1/29,980
2004/1/30,939
2004/1/31,1025
2004/2/1,1184
2004/2/2,1159
2004/2/3,1027
2004/2/4,1144
2004/2/5,1157
2004/2/6,1266
2004/2/7,1122
2004/2/8,981
2004/2/9,1157
2004/2/10,1139
2004/2/11,1199
2004/2/12,1048
2004/2/13,1223
2004/2/14,1154
2004/2/15,1059
2004/2/16,988
2004/2/17,1187
2004/2/18,1224
2004/2/19,1314
2004/2/20,1291
2004/2/21,1124
2004/2/22,1157
2004/2/23,1228
2004/2/24,1252
2004/2/25,1243
2004/2/26,1263
2004/2/27,1265
2004/2/28,1245
2004/2/29,1265
2004/3/1,1430
2004/3/2,1329
2004/3/3,1287
2004/3/4,1196
2004/3/5,1370
2004/3/6,1295
2004/3/7,1155
2004/3/8,1231
2004/3/9,1266
2004/3/10,1336
2004/3/11,1263
2004/3/12,1325
2004/3/13,1249
2004/3/14,1104
2004/3/15,1245
2004/3/16,1155
2004/3/17,1318
2004/3/18,1264
2004/3/19,1411
2004/3/20,1288
2004/3/21,1119
2004/3/22,1187
2004/3/23,1395
2004/3/24,1367
2004/3/25,1463
2004/3/26,1327
2004/3/27,1395
2004/3/28,1160
2004/3/29,1373
2004/3/30,1296
2004/3/31,1253
2004/4/1,1492
2004/4/2,1360
2004/4/3,1215
2004/4/4,1170
2004/4/5,1190
2004/4/6,1356
2004/4/7,1323
2004/4/8,1386
2004/4/9,1275
2004/4/10,1335
2004/4/11,1019
2004/4/12,1106
2004/4/13,1084
2004/4/14,1320
2004/4/15,1321
2004/4/16,1315
2004/4/17,1334
2004/4/18,1195
2004/4/19,1347
2004/4/20,1235
2004/4/21,1317
2004/4/22,1309
2004/4/23,1405
2004/4/24,1278
2004/4/25,1137
2004/4/26,1260
2004/4/27,1222
2004/4/28,1353
2004/4/29,1327
2004/4/30,1280
2004/5/1,1321
2004/5/2,1040
2004/5/3,1262
2004/5/4,1278
2004/5/5,1323
2004/5/6,1368
2004/5/7,1366
2004/5/8,1388
2004/5/9,1253
2004/5/10,1374
2004/5/11,1311
2004/5/12,1375
2004/5/13,1247
2004/5/14,1402
2004/5/15,1329
2004/5/16,1226
2004/5/17,1409
2004/5/18,1405
2004/5/19,1366
2004/5/20,1392
2004/5/21,1394
2004/5/22,1257
2004/5/23,1251
2004/5/24,1278
2004/5/25,1404
2004/5/26,1313
2004/5/27,1330
2004/5/28,1367
2004/5/29,1292
2004/5/30,1239
2004/5/31,1219
2004/6/1,1696
2004/6/2,1401
2004/6/3,1325
2004/6/4,1440
2004/6/5,1294
2004/6/6,1405
2004/6/7,1302
2004/6/8,1421
2004/6/9,1460
2004/6/10,1322
2004/6/11,1462
2004/6/12,1343
2004/6/13,1343
2004/6/14,1439
2004/6/15,1465
2004/6/16,1413
2004/6/17,1288
2004/6/18,1441
2004/6/19,1283
2004/6/20,1285
2004/6/21,1328
2004/6/22,1317
2004/6/23,1353
2004/6/24,1316
2004/6/25,1256
2004/6/26,1358
2004/6/27,1342
2004/6/28,1304
2004/6/29,1342
2004/6/30,1388
2004/7/1,1546
2004/7/2,1402
2004/7/3,1303
2004/7/4,1353
2004/7/5,1488
2004/7/6,1449
2004/7/7,1416
2004/7/8,1361
2004/7/9,1317
2004/7/10,1422
2004/7/11,1364
2004/7/12,1397
2004/7/13,1429
2004/7/14,1458
2004/7/15,1461
2004/7/16,1528
2004/7/17,1473
2004/7/18,1400
2004/7/19,1409
2004/7/20,1410
2004/7/21,1396
2004/7/22,1159
2004/7/23,1236
2004/7/24,1272
2004/7/25,1345
2004/7/26,1269
2004/7/27,1397
2004/7/28,1500
2004/7/29,1463
2004/7/30,1350
2004/7/31,1461
2004/8/1,1531
2004/8/2,1443
2004/8/3,1443
2004/8/4,1369
2004/8/5,1398
2004/8/6,1362
2004/8/7,1376
2004/8/8,1403
2004/8/9,1372
2004/8/10,1470
2004/8/11,1361
2004/8/12,1268
2004/8/13,1276
2004/8/14,1343
2004/8/15,1377
2004/8/16,1370
2004/8/17,1371
2004/8/18,1422
2004/8/19,1362
2004/8/20,1456
2004/8/21,1360
2004/8/22,1271
2004/8/23,1455
2004/8/24,1397
2004/8/25,1278
2004/8/26,1454
2004/8/27,1487
2004/8/28,1364
2004/8/29,1335
2004/8/30,1389
2004/8/31,1481
2004/9/1,1629
2004/9/2,1347
2004/9/3,1401
2004/9/4,1491
2004/9/5,1440
2004/9/6,1321
2004/9/7,1268
2004/9/8,1377
2004/9/9,1355
2004/9/10,1415
2004/9/11,1406
2004/9/12,1314
2004/9/13,1365
2004/9/14,1393
2004/9/15,1315
2004/9/16,1497
2004/9/17,1402
2004/9/18,1366
2004/9/19,1323
2004/9/20,1297
2004/9/21,1410
2004/9/22,1361
2004/9/23,1400
2004/9/24,1558
2004/9/25,1361
2004/9/26,1251
2004/9/27,1242
2004/9/28,1324
2004/9/29,1319
2004/9/30,1263
2004/10/1,1637
2004/10/2,1200
2004/10/3,1198
2004/10/4,1171
2004/10/5,1290
2004/10/6,1406
2004/10/7,1363
2004/10/8,1339
2004/10/9,1228
2004/10/10,1255
2004/10/11,1272
2004/10/12,1337
2004/10/13,1298
2004/10/14,1343
2004/10/15,1390
2004/10/16,1222
2004/10/17,1211
2004/10/18,1283
2004/10/19,1343
2004/10/20,1468
2004/10/21,1352
2004/10/22,1468
2004/10/23,1291
2004/10/24,1325
2004/10/25,1400
2004/10/26,1342
2004/10/27,1459
2004/10/28,1379
2004/10/29,1480
2004/10/30,1314
2004/10/31,1457
2004/11/1,1330
2004/11/2,1143
2004/11/3,1269
2004/11/4,1269
2004/11/5,1378
2004/11/6,1271
2004/11/7,1149
2004/11/8,1255
2004/11/9,1305
2004/11/10,1400
2004/11/11,1268
2004/11/12,1321
2004/11/13,1222
2004/11/14,1112
2004/11/15,1288
2004/11/16,1235
2004/11/17,1346
2004/11/18,1283
2004/11/19,1347
2004/11/20,1439
2004/11/21,1203
2004/11/22,1212
2004/11/23,1300
2004/11/24,1115
2004/11/25,721
2004/11/26,1136
2004/11/27,1116
2004/11/28,1059
2004/11/29,1226
2004/11/30,1119
2004/12/1,1272
2004/12/2,1186
2004/12/3,1292
2004/12/4,1141
2004/12/5,1101
2004/12/6,1204
2004/12/7,1256
2004/12/8,1202
2004/12/9,1231
2004/12/10,1296
2004/12/11,1148
2004/12/12,1091
2004/12/13,1068
2004/12/14,1056
2004/12/15,1274
2004/12/16,1160
2004/12/17,1270
2004/12/18,981
2004/12/19,911
2004/12/20,1050
2004/12/21,1060
2004/12/22,1078
2004/12/23,1069
2004/12/24,830
2004/12/25,671
2004/12/26,869
2004/12/27,1026
2004/12/28,1144
2004/12/29,1118
2004/12/30,1171
2004/12/31,1094
2005/1/1,1954
2005/1/2,1074
2005/1/3,1085
2005/1/4,1122
2005/1/5,942
2005/1/6,947
2005/1/7,1146
2005/1/8,1025
2005/1/9,1020
2005/1/10,1180
2005/1/11,1157
2005/1/12,1243
2005/1/13,1204
2005/1/14,1114
2005/1/15,1093
2005/1/16,969
2005/1/17,1058
2005/1/18,1046
2005/1/19,1058
2005/1/20,1055
2005/1/21,1061
2005/1/22,748
2005/1/23,794
2005/1/24,1048
2005/1/25,1247
2005/1/26,1129
2005/1/27,1054
2005/1/28,1088
2005/1/29,1099
2005/1/30,1018
2005/1/31,1068
2005/2/1,1240
2005/2/2,1119
2005/2/3,1072
2005/2/4,1245
2005/2/5,1143
2005/2/6,1007
2005/2/7,1078
2005/2/8,1176
2005/2/9,1132
2005/2/10,1160
2005/2/11,1225
2005/2/12,1126
2005/2/13,974
2005/2/14,1133
2005/2/15,1164
2005/2/16,1217
2005/2/17,1101
2005/2/18,1302
2005/2/19,1138
2005/2/20,1025
2005/2/21,1095
2005/2/22,1158
2005/2/23,1170
2005/2/24,1214
2005/2/25,1323
2005/2/26,1126
2005/2/27,970
2005/2/28,1152
2005/3/1,1278
2005/3/2,1176
2005/3/3,1283
2005/3/4,1234
2005/3/5,1207
2005/3/6,1163
2005/3/7,1135
2005/3/8,1135
2005/3/9,1070
2005/3/10,1132
2005/3/11,1277
2005/3/12,1112
2005/3/13,1037
2005/3/14,1206
2005/3/15,1314
2005/3/16,1260
2005/3/17,1218
2005/3/18,1351
2005/3/19,1152
2005/3/20,1092
2005/3/21,1109
2005/3/22,1105
2005/3/23,1169
2005/3/24,1158
2005/3/25,1185
2005/3/26,1227
2005/3/27,1035
2005/3/28,1200
2005/3/29,1328
2005/3/30,1285
2005/3/31,1271
2005/4/1,1547
2005/4/2,1127
2005/4/3,1086
2005/4/4,1234
2005/4/5,1404
2005/4/6,1423
2005/4/7,1339
2005/4/8,1421
2005/4/9,1313
2005/4/10,1290
2005/4/11,1246
2005/4/12,1161
2005/4/13,1269
2005/4/14,1377
2005/4/15,1380
2005/4/16,1363
2005/4/17,1326
2005/4/18,1284
2005/4/19,1360
2005/4/20,1336
2005/4/21,1330
2005/4/22,1212
2005/4/23,1082
2005/4/24,1170
2005/4/25,1384
2005/4/26,1292
2005/4/27,1315
2005/4/28,1251
2005/4/29,1357
2005/4/30,1191
2005/5/1,1276
2005/5/2,1239
2005/5/3,1316
2005/5/4,1281
2005/5/5,1392
2005/5/6,1403
2005/5/7,1277
2005/5/8,1248
2005/5/9,1366
2005/5/10,1419
2005/5/11,1399
2005/5/12,1276
2005/5/13,1387
2005/5/14,1222
2005/5/15,1162
2005/5/16,1326
2005/5/17,1339
2005/5/18,1355
2005/5/19,1334
2005/5/20,1399
2005/5/21,1240
2005/5/22,1279
2005/5/23,1259
2005/5/24,1280
2005/5/25,1318
2005/5/26,1376
2005/5/27,1366
2005/5/28,1225
2005/5/29,1226
2005/5/30,1186
2005/5/31,1293
2005/6/1,1519
2005/6/2,1243
2005/6/3,1334
2005/6/4,1317
2005/6/5,1293
2005/6/6,1274
2005/6/7,1373
2005/6/8,1326
2005/6/9,1259
2005/6/10,1456
2005/6/11,1343
2005/6/12,1314
2005/6/13,1462
2005/6/14,1434
2005/6/15,1346
2005/6/16,1272
2005/6/17,1409
2005/6/18,1243
2005/6/19,1207
2005/6/20,1234
2005/6/21,1358
2005/6/22,1291
2005/6/23,1263
2005/6/24,1298
2005/6/25,1310
2005/6/26,1361
2005/6/27,1354
2005/6/28,1373
2005/6/29,1459
2005/6/30,1324
2005/7/1,1444
2005/7/2,1289
2005/7/3,1205
2005/7/4,1255
2005/7/5,1405
2005/7/6,1293
2005/7/7,1340
2005/7/8,1352
2005/7/9,1411
2005/7/10,1353
2005/7/11,1320
2005/7/12,1348
2005/7/13,1460
2005/7/14,1334
2005/7/15,1586
2005/7/16,1462
2005/7/17,1384
2005/7/18,1338
2005/7/19,1312
2005/7/20,1338
2005/7/21,1330
2005/7/22,1376
2005/7/23,1361
2005/7/24,1284
2005/7/25,1381
2005/7/26,1186
2005/7/27,1265
2005/7/28,1319
2005/7/29,1397
2005/7/30,1360
2005/7/31,1316
2005/8/1,1560
2005/8/2,1348
2005/8/3,1323
2005/8/4,1389
2005/8/5,1398
2005/8/6,1335
2005/8/7,1296
2005/8/8,1350
2005/8/9,1375
2005/8/10,1401
2005/8/11,1344
2005/8/12,1378
2005/8/13,1310
2005/8/14,1251
2005/8/15,1294
2005/8/16,1265
2005/8/17,1289
2005/8/18,1273
2005/8/19,1351
2005/8/20,1336
2005/8/21,1258
2005/8/22,1278
2005/8/23,1236
2005/8/24,1350
2005/8/25,1491
2005/8/26,1413
2005/8/27,1308
2005/8/28,1340
2005/8/29,1305
2005/8/30,1343
2005/8/31,1352
2005/9/1,1538
2005/9/2,1393
2005/9/3,1254
2005/9/4,1255
2005/9/5,1242
2005/9/6,1226
2005/9/7,1281
2005/9/8,1333
2005/9/9,1390
2005/9/10,1456
2005/9/11,1403
2005/9/12,1338
2005/9/13,1356
2005/9/14,1312
2005/9/15,1292
2005/9/16,1316
2005/9/17,1257
2005/9/18,1304
2005/9/19,1282
2005/9/20,1404
2005/9/21,1301
2005/9/22,1294
2005/9/23,1339
2005/9/24,1308
2005/9/25,1265
2005/9/26,1309
2005/9/27,1377
2005/9/28,1259
2005/9/29,1215
2005/9/30,1323
2005/10/1,1464
2005/10/2,1216
2005/10/3,1373
2005/10/4,1355
2005/10/5,1400
2005/10/6,1321
2005/10/7,1255
2005/10/8,1271
2005/10/9,1182
2005/10/10,1230
2005/10/11,1239
2005/10/12,1293
2005/10/13,1305
2005/10/14,1349
2005/10/15,1297
2005/10/16,1138
2005/10/17,1317
2005/10/18,1339
2005/10/19,1318
2005/10/20,1401
2005/10/21,1413
2005/10/22,1180
2005/10/23,1125
2005/10/24,1163
2005/10/25,1240
2005/10/26,1156
2005/10/27,1179
2005/10/28,1304
2005/10/29,1282
2005/10/30,1352
2005/10/31,1501
2005/11/1,1516
2005/11/2,1223
2005/11/3,1318
2005/11/4,1344
2005/11/5,1363
2005/11/6,1165
2005/11/7,1349
2005/11/8,1294
2005/11/9,1206
2005/11/10,1242
2005/11/11,1297
2005/11/12,1236
2005/11/13,1115
2005/11/14,1173
2005/11/15,1237
2005/11/16,1113
2005/11/17,1050
2005/11/18,1283
2005/11/19,1220
2005/11/20,1174
2005/11/21,1173
2005/11/22,1178
2005/11/23,1329
2005/11/24,773
2005/11/25,965
2005/11/26,1116
2005/11/27,1129
2005/11/28,1134
2005/11/29,1150
2005/11/30,1110
2005/12/1,1329
2005/12/2,1227
2005/12/3,1119
2005/12/4,923
2005/12/5,960
2005/12/6,995
2005/12/7,1043
2005/12/8,933
2005/12/9,1026
2005/12/10,959
2005/12/11,911
2005/12/12,1091
2005/12/13,1057
2005/12/14,1130
2005/12/15,1203
2005/12/16,1180
2005/12/17,1036
2005/12/18,847
2005/12/19,955
2005/12/20,1005
2005/12/21,1124
2005/12/22,1155
2005/12/23,1199
2005/12/24,943
2005/12/25,780
2005/12/26,1044
2005/12/27,1120
2005/12/28,1075
2005/12/29,1177
2005/12/30,1123
2005/12/31,997
2006/1/1,1895
2006/1/2,1030
2006/1/3,1158
2006/1/4,1160
2006/1/5,1120
2006/1/6,1212
2006/1/7,1190
2006/1/8,1150
2006/1/9,1087
2006/1/10,1151
2006/1/11,1285
2006/1/12,1232
2006/1/13,1213
2006/1/14,1145
2006/1/15,1167
2006/1/16,1144
2006/1/17,1227
2006/1/18,1137
2006/1/19,1378
2006/1/20,1167
2006/1/21,1039
2006/1/22,969
2006/1/23,1086
2006/1/24,1129
2006/1/25,1174
2006/1/26,1197
2006/1/27,1264
2006/1/28,1198
2006/1/29,1119
2006/1/30,1145
2006/1/31,1173
2006/2/1,1322
2006/2/2,1211
2006/2/3,1235
2006/2/4,1135
2006/2/5,1002
2006/2/6,1055
2006/2/7,1133
2006/2/8,1212
2006/2/9,1093
2006/2/10,1197
2006/2/11,1204
2006/2/12,993
2006/2/13,1010
2006/2/14,1155
2006/2/15,1134
2006/2/16,1021
2006/2/17,1102
2006/2/18,891
2006/2/19,895
2006/2/20,1028
2006/2/21,1121
2006/2/22,1217
2006/2/23,1229
2006/2/24,1256
2006/2/25,1204
2006/2/26,945
2006/2/27,1120
2006/2/28,1175
2006/3/1,1412
2006/3/2,1184
2006/3/3,1251
2006/3/4,1145
2006/3/5,939
2006/3/6,1019
2006/3/7,1180
2006/3/8,1128
2006/3/9,1228
2006/3/10,1315
2006/3/11,1268
2006/3/12,1115
2006/3/13,1052
2006/3/14,1101
2006/3/15,1317
2006/3/16,1227
2006/3/17,1349
2006/3/18,1114
2006/3/19,1051
2006/3/20,1059
2006/3/21,1115
2006/3/22,1244
2006/3/23,1234
2006/3/24,1313
2006/3/25,1081
2006/3/26,1181
2006/3/27,1204
2006/3/28,1229
2006/3/29,1316
2006/3/30,1296
2006/3/31,1308
2006/4/1,1367
2006/4/2,1064
2006/4/3,1184
2006/4/4,1365
2006/4/5,1202
2006/4/6,1245
2006/4/7,1234
2006/4/8,1149
2006/4/9,1111
2006/4/10,1144
2006/4/11,1270
2006/4/12,1204
2006/4/13,1259
2006/4/14,1292
2006/4/15,1311
2006/4/16,924
2006/4/17,1158
2006/4/18,1279
2006/4/19,1301
2006/4/20,1285
2006/4/21,1327
2006/4/22,1259
2006/4/23,1140
2006/4/24,1221
2006/4/25,1175
2006/4/26,1202
2006/4/27,1276
2006/4/28,1312
2006/4/29,1189
2006/4/30,1024
2006/5/1,1458
2006/5/2,1213
2006/5/3,1376
2006/5/4,1243
2006/5/5,1425
2006/5/6,1183
2006/5/7,1081
2006/5/8,1276
2006/5/9,1293
2006/5/10,1334
2006/5/11,1140
2006/5/12,1327
2006/5/13,1201
2006/5/14,1161
2006/5/15,1272
2006/5/16,1348
2006/5/17,1245
2006/5/18,1277
2006/5/19,1288
2006/5/20,1249
2006/5/21,1138
2006/5/22,1210
2006/5/23,1270
2006/5/24,1263
2006/5/25,1325
2006/5/26,1396
2006/5/27,1356
2006/5/28,1250
2006/5/29,1220
2006/5/30,1421
2006/5/31,1373
2006/6/1,1483
2006/6/2,1310
2006/6/3,1355
2006/6/4,1194
2006/6/5,1258
2006/6/6,1251
2006/6/7,1334
2006/6/8,1298
2006/6/9,1335
2006/6/10,1254
2006/6/11,1204
2006/6/12,1259
2006/6/13,1259
2006/6/14,1351
2006/6/15,1273
2006/6/16,1391
2006/6/17,1324
2006/6/18,1272
2006/6/19,1267
2006/6/20,1347
2006/6/21,1315
2006/6/22,1349
2006/6/23,1360
2006/6/24,1161
2006/6/25,1252
2006/6/26,1270
2006/6/27,1214
2006/6/28,1348
2006/6/29,1228
2006/6/30,1293
2006/7/1,1531
2006/7/2,1285
2006/7/3,1306
2006/7/4,1281
2006/7/5,1373
2006/7/6,1225
2006/7/7,1397
2006/7/8,1322
2006/7/9,1321
2006/7/10,1358
2006/7/11,1180
2006/7/12,1312
2006/7/13,1392
2006/7/14,1333
2006/7/15,1358
2006/7/16,1268
2006/7/17,1367
2006/7/18,1464
2006/7/19,1340
2006/7/20,1279
2006/7/21,1384
2006/7/22,1358
2006/7/23,1277
2006/7/24,1405
2006/7/25,1415
2006/7/26,1462
2006/7/27,1375
2006/7/28,1306
2006/7/29,1342
2006/7/30,1289
2006/7/31,1234
2006/8/1,1482
2006/8/2,1273
2006/8/3,1354
2006/8/4,1376
2006/8/5,1373
2006/8/6,1321
2006/8/7,1308
2006/8/8,1355
2006/8/9,1273
2006/8/10,1299
2006/8/11,1423
2006/8/12,1339
2006/8/13,1249
2006/8/14,1256
2006/8/15,1289
2006/8/16,1237
2006/8/17,1274
2006/8/18,1280
2006/8/19,1303
2006/8/20,1303
2006/8/21,1312
2006/8/22,1223
2006/8/23,1302
2006/8/24,1288
2006/8/25,1341
2006/8/26,1339
2006/8/27,1242
2006/8/28,1237
2006/8/29,1229
2006/8/30,1360
2006/8/31,1252
2006/9/1,1480
2006/9/2,1384
2006/9/3,1206
2006/9/4,1104
2006/9/5,1287
2006/9/6,1236
2006/9/7,1277
2006/9/8,1417
2006/9/9,1342
2006/9/10,1159
2006/9/11,1103
2006/9/12,1246
2006/9/13,1195
2006/9/14,1228
2006/9/15,1413
2006/9/16,1326
2006/9/17,1264
2006/9/18,1139
2006/9/19,1165
2006/9/20,1250
2006/9/21,1330
2006/9/22,1311
2006/9/23,1210
2006/9/24,1169
2006/9/25,1195
2006/9/26,1361
2006/9/27,1236
2006/9/28,1208
2006/9/29,1303
2006/9/30,1224
2006/10/1,1332
2006/10/2,1134
2006/10/3,1204
2006/10/4,1361
2006/10/5,1283
2006/10/6,1363
2006/10/7,1331
2006/10/8,1334
2006/10/9,1125
2006/10/10,1253
2006/10/11,1156
2006/10/12,1071
2006/10/13,1316
2006/10/14,1261
2006/10/15,1238
2006/10/16,1167
2006/10/17,1220
2006/10/18,1223
2006/10/19,1307
2006/10/20,1401
2006/10/21,1278
2006/10/22,1105
2006/10/23,1118
2006/10/24,1231
2006/10/25,1197
2006/10/26,1119
2006/10/27,1337
2006/10/28,1213
2006/10/29,1213
2006/10/30,1268
2006/10/31,1496
2006/11/1,1473
2006/11/2,1161
2006/11/3,1264
2006/11/4,1172
2006/11/5,1086
2006/11/6,1308
2006/11/7,1238
2006/11/8,1229
2006/11/9,1267
2006/11/10,1225
2006/11/11,1166
2006/11/12,1069
2006/11/13,1097
2006/11/14,1156
2006/11/15,1201
2006/11/16,1237
2006/11/17,1360
2006/11/18,1190
2006/11/19,971
2006/11/20,1147
2006/11/21,1230
2006/11/22,1182
2006/11/23,913
2006/11/24,1067
2006/11/25,1261
2006/11/26,1233
2006/11/27,1185
2006/11/28,1287
2006/11/29,1105
2006/11/30,1085
2006/12/1,1202
2006/12/2,968
2006/12/3,798
2006/12/4,983
2006/12/5,1006
2006/12/6,1068
2006/12/7,990
2006/12/8,1071
2006/12/9,1032
2006/12/10,1091
2006/12/11,1106
2006/12/12,1322
2006/12/13,1274
2006/12/14,1327
2006/12/15,1401
2006/12/16,1214
2006/12/17,1050
2006/12/18,1210
2006/12/19,1155
2006/12/20,1243
2006/12/21,1194
2006/12/22,1256
2006/12/23,1115
2006/12/24,879
2006/12/25,704
2006/12/26,994
2006/12/27,1143
2006/12/28,1118
2006/12/29,1083
2006/12/30,1187
2006/12/31,953
2007/1/1,1930
2007/1/2,1027
2007/1/3,1123
2007/1/4,1037
2007/1/5,1318
2007/1/6,1079
2007/1/7,1012
2007/1/8,1058
2007/1/9,1126
2007/1/10,1182
2007/1/11,1175
2007/1/12,1277
2007/1/13,1123
2007/1/14,990
2007/1/15,948
2007/1/16,1075
2007/1/17,1017
2007/1/18,1121
2007/1/19,1175
2007/1/20,1119
2007/1/21,891
2007/1/22,1054
2007/1/23,1011
2007/1/24,1055
2007/1/25,1113
2007/1/26,1167
2007/1/27,1095
2007/1/28,865
2007/1/29,961
2007/1/30,1010
2007/1/31,940
2007/2/1,1177
2007/2/2,1054
2007/2/3,880
2007/2/4,754
2007/2/5,836
2007/2/6,849
2007/2/7,968
2007/2/8,941
2007/2/9,1022
2007/2/10,942
2007/2/11,849
2007/2/12,899
2007/2/13,774
2007/2/14,827
2007/2/15,945
2007/2/16,1004
2007/2/17,909
2007/2/18,814
2007/2/19,962
2007/2/20,1166
2007/2/21,1165
2007/2/22,1100
2007/2/23,1300
2007/2/24,990
2007/2/25,860
2007/2/26,955
2007/2/27,1092
2007/2/28,1102
2007/3/1,1228
2007/3/2,1190
2007/3/3,1137
2007/3/4,1000
2007/3/5,960
2007/3/6,969
2007/3/7,1093
2007/3/8,1128
2007/3/9,1250
2007/3/10,1227
2007/3/11,1093
2007/3/12,1271
2007/3/13,1283
2007/3/14,1163
2007/3/15,1181
2007/3/16,1267
2007/3/17,1105
2007/3/18,1087
2007/3/19,1136
2007/3/20,1195
2007/3/21,1149
2007/3/22,1232
2007/3/23,1273
2007/3/24,1209
2007/3/25,1211
2007/3/26,1230
2007/3/27,1214
2007/3/28,1175
2007/3/29,1245
2007/3/30,1241
2007/3/31,1205
2007/4/1,1265
2007/4/2,1190
2007/4/3,1188
2007/4/4,1050
2007/4/5,1058
2007/4/6,1097
2007/4/7,1025
2007/4/8,982
2007/4/9,1133
2007/4/10,1186
2007/4/11,1073
2007/4/12,1166
2007/4/13,1323
2007/4/14,1243
2007/4/15,1228
2007/4/16,1206
2007/4/17,1294
2007/4/18,1169
2007/4/19,1196
2007/4/20,1402
2007/4/21,1278
2007/4/22,1273
2007/4/23,1293
2007/4/24,1178
2007/4/25,1074
2007/4/26,1039
2007/4/27,1289
2007/4/28,1318
2007/4/29,1174
2007/4/30,1239
2007/5/1,1413
2007/5/2,1280
2007/5/3,1277
2007/5/4,1355
2007/5/5,1239
2007/5/6,1142
2007/5/7,1306
2007/5/8,1286
2007/5/9,1353
2007/5/10,1332
2007/5/11,1322
2007/5/12,1212
2007/5/13,1111
2007/5/14,1346
2007/5/15,1334
2007/5/16,1262
2007/5/17,1317
2007/5/18,1377
2007/5/19,1277
2007/5/20,1165
2007/5/21,1261
2007/5/22,1302
2007/5/23,1360
2007/5/24,1397
2007/5/25,1417
2007/5/26,1130
2007/5/27,1231
2007/5/28,1298
2007/5/29,1396
2007/5/30,1358
2007/5/31,1228
2007/6/1,1577
2007/6/2,1327
2007/6/3,1231
2007/6/4,1185
2007/6/5,1185
2007/6/6,1249
2007/6/7,1255
2007/6/8,1322
2007/6/9,1270
2007/6/10,1231
2007/6/11,1301
2007/6/12,1287
2007/6/13,1292
2007/6/14,1320
2007/6/15,1459
2007/6/16,1331
2007/6/17,1298
2007/6/18,1326
2007/6/19,1279
2007/6/20,1370
2007/6/21,1365
2007/6/22,1387
2007/6/23,1216
2007/6/24,1295
2007/6/25,1273
2007/6/26,1200
2007/6/27,1300
2007/6/28,1273
2007/6/29,1335
2007/6/30,1248
2007/7/1,1506
2007/7/2,1298
2007/7/3,1228
2007/7/4,1301
2007/7/5,1364
2007/7/6,1353
2007/7/7,1323
2007/7/8,1270
2007/7/9,1276
2007/7/10,1298
2007/7/11,1274
2007/7/12,1395
2007/7/13,1368
2007/7/14,1265
2007/7/15,1317
2007/7/16,1220
2007/7/17,1325
2007/7/18,1345
2007/7/19,1272
2007/7/20,1388
2007/7/21,1352
2007/7/22,1365
2007/7/23,1250
2007/7/24,1347
2007/7/25,1345
2007/7/26,1315
2007/7/27,1391
2007/7/28,1365
2007/7/29,1303
2007/7/30,1316
2007/7/31,1251
2007/8/1,1559
2007/8/2,1274
2007/8/3,1328
2007/8/4,1260
2007/8/5,1244
2007/8/6,1266
2007/8/7,1271
2007/8/8,1293
2007/8/9,1282
2007/8/10,1383
2007/8/11,1322
2007/8/12,1276
2007/8/13,1355
2007/8/14,1356
2007/8/15,1308
2007/8/16,1205
2007/8/17,1353
2007/8/18,1187
2007/8/19,1088
2007/8/20,1191
2007/8/21,1285
2007/8/22,1265
2007/8/23,1107
2007/8/24,1321
2007/8/25,1304
2007/8/26,1253
2007/8/27,1233
2007/8/28,1334
2007/8/29,1289
2007/8/30,1324
2007/8/31,1328
2007/9/1,1494
2007/9/2,1218
2007/9/3,1241
2007/9/4,1242
2007/9/5,1281
2007/9/6,1296
2007/9/7,1406
2007/9/8,1347
2007/9/9,1245
2007/9/10,1139
2007/9/11,1184
2007/9/12,1126
2007/9/13,1235
2007/9/14,1364
2007/9/15,1174
2007/9/16,1192
2007/9/17,1210
2007/9/18,1294
2007/9/19,1310
2007/9/20,1262
2007/9/21,1475
2007/9/22,1344
2007/9/23,1187
2007/9/24,1302
2007/9/25,1306
2007/9/26,1190
2007/9/27,1271
2007/9/28,1396
2007/9/29,1301
2007/9/30,1226
2007/10/1,1487
2007/10/2,1289
2007/10/3,1201
2007/10/4,1247
2007/10/5,1307
2007/10/6,1312
2007/10/7,1242
2007/10/8,1271
2007/10/9,1324
2007/10/10,1293
2007/10/11,1109
2007/10/12,1360
2007/10/13,1225
2007/10/14,1123
2007/10/15,1303
2007/10/16,1341
2007/10/17,1275
2007/10/18,1297
2007/10/19,1315
2007/10/20,1313
2007/10/21,1282
2007/10/22,1171
2007/10/23,1211
2007/10/24,1221
2007/10/25,1248
2007/10/26,1299
2007/10/27,1235
2007/10/28,1200
2007/10/29,1195
2007/10/30,1363
2007/10/31,1529
2007/11/1,1506
2007/11/2,1225
2007/11/3,1299
2007/11/4,1117
2007/11/5,1164
2007/11/6,1070
2007/11/7,1142
2007/11/8,1170
2007/11/9,1254
2007/11/10,1220
2007/11/11,1182
2007/11/12,1209
2007/11/13,1169
2007/11/14,1242
2007/11/15,1127
2007/11/16,1290
2007/11/17,1142
2007/11/18,1092
2007/11/19,1137
2007/11/20,1186
2007/11/21,1041
2007/11/22,811
2007/11/23,992
2007/11/24,1060
2007/11/25,967
2007/11/26,1071
2007/11/27,1138
2007/11/28,1170
2007/11/29,1088
2007/11/30,1140
2007/12/1,1125
2007/12/2,927
2007/12/3,1062
2007/12/4,1031
2007/12/5,913
2007/12/6,1042
2007/12/7,977
2007/12/8,950
2007/12/9,880
2007/12/10,1096
2007/12/11,1091
2007/12/12,1124
2007/12/13,1123
2007/12/14,1236
2007/12/15,1016
2007/12/16,770
2007/12/17,972
2007/12/18,1037
2007/12/19,1018
2007/12/20,1173
2007/12/21,1278
2007/12/22,1124
2007/12/23,987
2007/12/24,803
2007/12/25,777
2007/12/26,1035
2007/12/27,1018
2007/12/28,1060
2007/12/29,999
2007/12/30,1005
2007/12/31,958
2008/1/1,1791
2008/1/2,919
2008/1/3,915
2008/1/4,1099
2008/1/5,1183
2008/1/6,1158
2008/1/7,1149
2008/1/8,1144
2008/1/9,1204
2008/1/10,1216
2008/1/11,1315
2008/1/12,1202
2008/1/13,1079
2008/1/14,1098
2008/1/15,1200
2008/1/16,1161
2008/1/17,1047
2008/1/18,1113
2008/1/19,976
2008/1/20,915
2008/1/21,936
2008/1/22,962
2008/1/23,953
2008/1/24,974
2008/1/25,954
2008/1/26,1001
2008/1/27,924
2008/1/28,1085
2008/1/29,965
2008/1/30,856
2008/1/31,854
2008/2/1,1182
2008/2/2,950
2008/2/3,848
2008/2/4,969
2008/2/5,952
2008/2/6,919
2008/2/7,1012
2008/2/8,1176
2008/2/9,988
2008/2/10,820
2008/2/11,847
2008/2/12,788
2008/2/13,1006
2008/2/14,1075
2008/2/15,1116
2008/2/16,1057
2008/2/17,1023
2008/2/18,959
2008/2/19,963
2008/2/20,969
2008/2/21,994
2008/2/22,1118
2008/2/23,1066
2008/2/24,982
2008/2/25,1057
2008/2/26,1059
2008/2/27,1048
2008/2/28,936
2008/2/29,1160
2008/3/1,1328
2008/3/2,1003
2008/3/3,1036
2008/3/4,1060
2008/3/5,1139
2008/3/6,1054
2008/3/7,1160
2008/3/8,986
2008/3/9,969
2008/3/10,1103
2008/3/11,1194
2008/3/12,1196
2008/3/13,1163
2008/3/14,1248
2008/3/15,1117
2008/3/16,1032
2008/3/17,1044
2008/3/18,1015
2008/3/19,1085
2008/3/20,1093
2008/3/21,952
2008/3/22,944
2008/3/23,947
2008/3/24,1072
2008/3/25,1222
2008/3/26,1256
2008/3/27,1027
2008/3/28,1276
2008/3/29,1116
2008/3/30,1014
2008/3/31,1119
2008/4/1,1319
2008/4/2,1172
2008/4/3,1139
2008/4/4,1285
2008/4/5,1188
2008/4/6,1156
2008/4/7,1172
2008/4/8,1144
2008/4/9,1166
2008/4/10,1131
2008/4/11,1094
2008/4/12,1029
2008/4/13,974
2008/4/14,1153
2008/4/15,1397
2008/4/16,1269
2008/4/17,1232
2008/4/18,1320
2008/4/19,1186
2008/4/20,1146
2008/4/21,1295
2008/4/22,1308
2008/4/23,1262
2008/4/24,1168
2008/4/25,1298
2008/4/26,1131
2008/4/27,1061
2008/4/28,1090
2008/4/29,1104
2008/4/30,1202
2008/5/1,1448
2008/5/2,1300
2008/5/3,1071
2008/5/4,989
2008/5/5,1266
2008/5/6,1223
2008/5/7,1338
2008/5/8,1185
2008/5/9,1326
2008/5/10,1250
2008/5/11,1012
2008/5/12,1141
2008/5/13,1167
2008/5/14,1247
2008/5/15,1308
2008/5/16,1367
2008/5/17,1239
2008/5/18,1068
2008/5/19,1229
2008/5/20,1283
2008/5/21,1264
2008/5/22,1259
2008/5/23,1311
2008/5/24,1279
2008/5/25,1110
2008/5/26,1193
2008/5/27,1222
2008/5/28,1181
2008/5/29,1270
2008/5/30,1320
2008/5/31,1194
2008/6/1,1435
2008/6/2,1308
2008/6/3,1246
2008/6/4,1290
2008/6/5,1267
2008/6/6,1361
2008/6/7,1217
2008/6/8,1146
2008/6/9,1281
2008/6/10,1288
2008/6/11,1403
2008/6/12,1258
2008/6/13,1317
2008/6/14,1259
2008/6/15,1261
2008/6/16,1211
2008/6/17,1168
2008/6/18,1208
2008/6/19,1188
2008/6/20,1312
2008/6/21,1228
2008/6/22,1163
2008/6/23,1121
2008/6/24,1183
2008/6/25,1236
2008/6/26,1322
2008/6/27,1319
2008/6/28,1293
2008/6/29,1166
2008/6/30,1240
2008/7/1,1406
2008/7/2,1252
2008/7/3,1216
2008/7/4,1155
2008/7/5,1253
2008/7/6,1202
2008/7/7,1252
2008/7/8,1308
2008/7/9,1311
2008/7/10,1249
2008/7/11,1351
2008/7/12,1398
2008/7/13,1258
2008/7/14,1370
2008/7/15,1311
2008/7/16,1292
2008/7/17,1306
2008/7/18,1367
2008/7/19,1253
2008/7/20,1289
2008/7/21,1297
2008/7/22,1334
2008/7/23,1320
2008/7/24,1318
2008/7/25,1385
2008/7/26,1375
2008/7/27,1336
2008/7/28,1373
2008/7/29,1254
2008/7/30,1382
2008/7/31,1310
2008/8/1,1527
2008/8/2,1309
2008/8/3,1246
2008/8/4,1183
2008/8/5,1267
2008/8/6,1350
2008/8/7,1342
2008/8/8,1401
2008/8/9,1264
2008/8/10,1183
2008/8/11,1288
2008/8/12,1301
2008/8/13,1320
2008/8/14,1269
2008/8/15,1436
2008/8/16,1298
2008/8/17,1313
2008/8/18,1305
2008/8/19,1344
2008/8/20,1378
2008/8/21,1307
2008/8/22,1440
2008/8/23,1292
2008/8/24,1282
2008/8/25,1232
2008/8/26,1222
2008/8/27,1277
2008/8/28,1319
2008/8/29,1320
2008/8/30,1288
2008/8/31,1232
2008/9/1,1463
2008/9/2,1343
2008/9/3,1210
2008/9/4,928
2008/9/5,1297
2008/9/6,1319
2008/9/7,1179
2008/9/8,1105
2008/9/9,1268
2008/9/10,1278
2008/9/11,1301
2008/9/12,1261
2008/9/13,1118
2008/9/14,1086
2008/9/15,1216
2008/9/16,1201
2008/9/17,1322
2008/9/18,1327
2008/9/19,1426
2008/9/20,1325
2008/9/21,1221
2008/9/22,1271
2008/9/23,1306
2008/9/24,1320
2008/9/25,1256
2008/9/26,1355
2008/9/27,1218
2008/9/28,1188
2008/9/29,1074
2008/9/30,1256
2008/10/1,1328
2008/10/2,1129
2008/10/3,1132
2008/10/4,1159
2008/10/5,1135
2008/10/6,1178
2008/10/7,1147
2008/10/8,1246
2008/10/9,1290
2008/10/10,1453
2008/10/11,1267
2008/10/12,1285
2008/10/13,1185
2008/10/14,1310
2008/10/15,1350
2008/10/16,1247
2008/10/17,1330
2008/10/18,1196
2008/10/19,1115
2008/10/20,1141
2008/10/21,1206
2008/10/22,1216
2008/10/23,1225
2008/10/24,1180
2008/10/25,1188
2008/10/26,1119
2008/10/27,1127
2008/10/28,1162
2008/10/29,1113
2008/10/30,1271
2008/10/31,1444
2008/11/1,1478
2008/11/2,1214
2008/11/3,1122
2008/11/4,1075
2008/11/5,1260
2008/11/6,1182
2008/11/7,1204
2008/11/8,1076
2008/11/9,939
2008/11/10,1019
2008/11/11,1084
2008/11/12,1097
2008/11/13,1154
2008/11/14,1242
2008/11/15,1238
2008/11/16,1007
2008/11/17,1034
2008/11/18,1087
2008/11/19,1181
2008/11/20,1201
2008/11/21,1126
2008/11/22,1009
2008/11/23,1007
2008/11/24,1113
2008/11/25,1135
2008/11/26,1196
2008/11/27,881
2008/11/28,1104
2008/11/29,1144
2008/11/30,944
2008/12/1,1053
2008/12/2,1036
2008/12/3,1045
2008/12/4,956
2008/12/5,1079
2008/12/6,1040
2008/12/7,888
2008/12/8,1098
2008/12/9,974
2008/12/10,1069
2008/12/11,991
2008/12/12,1096
2008/12/13,1001
2008/12/14,1019
2008/12/15,930
2008/12/16,846
2008/12/17,982
2008/12/18,982
2008/12/19,959
2008/12/20,942
2008/12/21,659
2008/12/22,797
2008/12/23,826
2008/12/24,761
2008/12/25,620
2008/12/26,792
2008/12/27,1016
2008/12/28,958
2008/12/29,1022
2008/12/30,1030
2008/12/31,939
2009/1/1,1800
2009/1/2,1060
2009/1/3,1108
2009/1/4,998
2009/1/5,1005
2009/1/6,975
2009/1/7,981
2009/1/8,956
2009/1/9,1055
2009/1/10,863
2009/1/11,825
2009/1/12,906
2009/1/13,883
2009/1/14,866
2009/1/15,838
2009/1/16,929
2009/1/17,981
2009/1/18,805
2009/1/19,804
2009/1/20,1027
2009/1/21,1038
2009/1/22,1012
2009/1/23,979
2009/1/24,894
2009/1/25,853
2009/1/26,884
2009/1/27,987
2009/1/28,969
2009/1/29,943
2009/1/30,1034
2009/1/31,952
2009/2/1,998
2009/2/2,986
2009/2/3,955
2009/2/4,929
2009/2/5,1029
2009/2/6,1136
2009/2/7,1065
2009/2/8,946
2009/2/9,1044
2009/2/10,1122
2009/2/11,1035
2009/2/12,1043
2009/2/13,1069
2009/2/14,1068
2009/2/15,916
2009/2/16,957
2009/2/17,1069
2009/2/18,1097
2009/2/19,993
2009/2/20,1105
2009/2/21,840
2009/2/22,809
2009/2/23,939
2009/2/24,963
2009/2/25,1155
2009/2/26,938
2009/2/27,1051
2009/2/28,966
2009/3/1,992
2009/3/2,828
2009/3/3,1037
2009/3/4,1123
2009/3/5,1161
2009/3/6,1267
2009/3/7,1034
2009/3/8,871
2009/3/9,1034
2009/3/10,1108
2009/3/11,1132
2009/3/12,1151
2009/3/13,1220
2009/3/14,1112
2009/3/15,1049
2009/3/16,1035
2009/3/17,1263
2009/3/18,1151
2009/3/19,1093
2009/3/20,1185
2009/3/21,1111
2009/3/22,993
2009/3/23,1080
2009/3/24,1248
2009/3/25,1199
2009/3/26,1211
2009/3/27,1093
2009/3/28,1027
2009/3/29,823
2009/3/30,1066
2009/3/31,980
2009/4/1,1256
2009/4/2,1042
2009/4/3,1179
2009/4/4,1071
2009/4/5,856
2009/4/6,934
2009/4/7,1101
2009/4/8,1150
2009/4/9,1113
2009/4/10,1078
2009/4/11,1073
2009/4/12,876
2009/4/13,903
2009/4/14,1060
2009/4/15,1185
2009/4/16,1144
2009/4/17,1269
2009/4/18,1083
2009/4/19,914
2009/4/20,1084
2009/4/21,1045
2009/4/22,1217
2009/4/23,1087
2009/4/24,1239
2009/4/25,1134
2009/4/26,1017
2009/4/27,1103
2009/4/28,1115
2009/4/29,1147
2009/4/30,1081
2009/5/1,1352
2009/5/2,1058
2009/5/3,983
2009/5/4,1087
2009/5/5,1198
2009/5/6,1113
2009/5/7,1208
2009/5/8,1247
2009/5/9,1142
2009/5/10,994
2009/5/11,1152
2009/5/12,1220
2009/5/13,1139
2009/5/14,1175
2009/5/15,1149
2009/5/16,1138
2009/5/17,1014
2009/5/18,1115
2009/5/19,1171
2009/5/20,1231
2009/5/21,1176
2009/5/22,1198
2009/5/23,1088
2009/5/24,1078
2009/5/25,968
2009/5/26,1083
2009/5/27,1180
2009/5/28,1261
2009/5/29,1192
2009/5/30,1098
2009/5/31,1029
2009/6/1,1293
2009/6/2,1144
2009/6/3,1135
2009/6/4,1101
2009/6/5,1167
2009/6/6,1033
2009/6/7,1007
2009/6/8,1165
2009/6/9,1087
2009/6/10,1178
2009/6/11,1006
2009/6/12,1304
2009/6/13,1082
2009/6/14,1062
2009/6/15,1097
2009/6/16,993
2009/6/17,1114
2009/6/18,1146
2009/6/19,1077
2009/6/20,1171
2009/6/21,1158
2009/6/22,1193
2009/6/23,1230
2009/6/24,1225
2009/6/25,1084
2009/6/26,1219
2009/6/27,1273
2009/6/28,1119
2009/6/29,1182
2009/6/30,1214
2009/7/1,1318
2009/7/2,1144
2009/7/3,1155
2009/7/4,1013
2009/7/5,1013
2009/7/6,1116
2009/7/7,1199
2009/7/8,1060
2009/7/9,1168
2009/7/10,1244
2009/7/11,1106
2009/7/12,1167
2009/7/13,1095
2009/7/14,1144
2009/7/15,1176
2009/7/16,1190
2009/7/17,1221
2009/7/18,1120
2009/7/19,1047
2009/7/20,1160
2009/7/21,1190
2009/7/22,1232
2009/7/23,1136
2009/7/24,1214
2009/7/25,1134
2009/7/26,1118
2009/7/27,1174
2009/7/28,1163
2009/7/29,1163
2009/7/30,1147
2009/7/31,1139
2009/8/1,1337
2009/8/2,1122
2009/8/3,1121
2009/8/4,1076
2009/8/5,1206
2009/8/6,1150
2009/8/7,1121
2009/8/8,1170
2009/8/9,1178
2009/8/10,1165
2009/8/11,1254
2009/8/12,1252
2009/8/13,1188
2009/8/14,1260
2009/8/15,1209
2009/8/16,1121
2009/8/17,1149
2009/8/18,1307
2009/8/19,1218
2009/8/20,1206
2009/8/21,1161
2009/8/22,1012
2009/8/23,1066
2009/8/24,1088
2009/8/25,1156
2009/8/26,1181
2009/8/27,1037
2009/8/28,1152
2009/8/29,1108
2009/8/30,1016
2009/8/31,1029
2009/9/1,1260
2009/9/2,1105
2009/9/3,1125
2009/9/4,1172
2009/9/5,1067
2009/9/6,1105
2009/9/7,1028
2009/9/8,1092
2009/9/9,1147
2009/9/10,1185
2009/9/11,1285
2009/9/12,1128
2009/9/13,1039
2009/9/14,1060
2009/9/15,1180
2009/9/16,1135
2009/9/17,1146
2009/9/18,1223
2009/9/19,1111
2009/9/20,1066
2009/9/21,1090
2009/9/22,1128
2009/9/23,1197
2009/9/24,1214
2009/9/25,1214
2009/9/26,1103
2009/9/27,1063
2009/9/28,1110
2009/9/29,1090
2009/9/30,995
2009/10/1,1144
2009/10/2,1054
2009/10/3,980
2009/10/4,962
2009/10/5,1056
2009/10/6,1088
2009/10/7,1158
2009/10/8,1055
2009/10/9,1080
2009/10/10,1101
2009/10/11,918
2009/10/12,985
2009/10/13,1150
2009/10/14,1050
2009/10/15,1087
2009/10/16,1150
2009/10/17,1025
2009/10/18,1002
2009/10/19,1112
2009/10/20,1172
2009/10/21,1186
2009/10/22,1068
2009/10/23,1084
2009/10/24,1136
2009/10/25,1055
2009/10/26,1046
2009/10/27,1104
2009/10/28,1079
2009/10/29,1074
2009/10/30,1180
2009/10/31,1183
2009/11/1,1173
2009/11/2,1002
2009/11/3,1071
2009/11/4,1098
2009/11/5,1077
2009/11/6,1138
2009/11/7,1092
2009/11/8,1077
2009/11/9,1133
2009/11/10,1098
2009/11/11,1086
2009/11/12,1078
2009/11/13,1207
2009/11/14,1148
2009/11/15,1035
2009/11/16,998
2009/11/17,1018
2009/11/18,1042
2009/11/19,1038
2009/11/20,1186
2009/11/21,992
2009/11/22,987
2009/11/23,1021
2009/11/24,992
2009/11/25,1085
2009/11/26,681
2009/11/27,947
2009/11/28,988
2009/11/29,881
2009/11/30,1015
2009/12/1,1223
2009/12/2,997
2009/12/3,974
2009/12/4,997
2009/12/5,911
2009/12/6,902
2009/12/7,901
2009/12/8,964
2009/12/9,908
2009/12/10,803
2009/12/11,990
2009/12/12,968
2009/12/13,878
2009/12/14,1016
2009/12/15,958
2009/12/16,957
2009/12/17,1002
2009/12/18,1071
2009/12/19,918
2009/12/20,908
2009/12/21,918
2009/12/22,884
2009/12/23,881
2009/12/24,753
2009/12/25,607
2009/12/26,753
2009/12/27,757
2009/12/28,819
2009/12/29,823
2009/12/30,924
2009/12/31,816
2010/1/1,1394
2010/1/2,793
2010/1/3,759
2010/1/4,855
2010/1/5,912
2010/1/6,886
2010/1/7,863
2010/1/8,931
2010/1/9,820
2010/1/10,780
2010/1/11,954
2010/1/12,1004
2010/1/13,991
2010/1/14,1077
2010/1/15,1212
2010/1/16,936
2010/1/17,901
2010/1/18,909
2010/1/19,1038
2010/1/20,969
2010/1/21,960
2010/1/22,1094
2010/1/23,1045
2010/1/24,829
2010/1/25,924
2010/1/26,987
2010/1/27,896
2010/1/28,895
2010/1/29,862
2010/1/30,873
2010/1/31,823
2010/2/1,1031
2010/2/2,890
2010/2/3,942
2010/2/4,950
2010/2/5,965
2010/2/6,858
2010/2/7,761
2010/2/8,844
2010/2/9,797
2010/2/10,822
2010/2/11,850
2010/2/12,890
2010/2/13,875
2010/2/14,765
2010/2/15,828
2010/2/16,919
2010/2/17,926
2010/2/18,1036
2010/2/19,962
2010/2/20,912
2010/2/21,809
2010/2/22,831
2010/2/23,970
2010/2/24,909
2010/2/25,884
2010/2/26,961
2010/2/27,908
2010/2/28,843
2010/3/1,1136
2010/3/2,969
2010/3/3,962
2010/3/4,987
2010/3/5,1111
2010/3/6,982
2010/3/7,845
2010/3/8,1094
2010/3/9,1110
2010/3/10,1127
2010/3/11,1110
2010/3/12,1157
2010/3/13,983
2010/3/14,896
2010/3/15,1071
2010/3/16,1115
2010/3/17,1068
2010/3/18,1156
2010/3/19,1164
2010/3/20,876
2010/3/21,901
2010/3/22,966
2010/3/23,1117
2010/3/24,1145
2010/3/25,1078
2010/3/26,1066
2010/3/27,1094
2010/3/28,956
2010/3/29,973
2010/3/30,1052
2010/3/31,1062
2010/4/1,1258
2010/4/2,1136
2010/4/3,976
2010/4/4,881
2010/4/5,1009
2010/4/6,1058
2010/4/7,913
2010/4/8,1081
2010/4/9,1073
2010/4/10,1144
2010/4/11,956
2010/4/12,1017
2010/4/13,1030
2010/4/14,1162
2010/4/15,1255
2010/4/16,1124
2010/4/17,1024
2010/4/18,937
2010/4/19,1022
2010/4/20,1107
2010/4/21,1004
2010/4/22,1059
2010/4/23,1163
2010/4/24,1019
2010/4/25,918
2010/4/26,1046
2010/4/27,1024
2010/4/28,1041
2010/4/29,1067
2010/4/30,1157
2010/5/1,1200
2010/5/2,973
2010/5/3,1111
2010/5/4,1121
2010/5/5,1255
2010/5/6,1104
2010/5/7,1113
2010/5/8,953
2010/5/9,982
2010/5/10,1099
2010/5/11,998
2010/5/12,1109
2010/5/13,1034
2010/5/14,1213
2010/5/15,1114
2010/5/16,959
2010/5/17,1031
2010/5/18,1093
2010/5/19,1084
2010/5/20,1129
2010/5/21,1090
2010/5/22,1052
2010/5/23,1056
2010/5/24,1153
2010/5/25,1107
2010/5/26,1176
2010/5/27,1091
2010/5/28,1146
2010/5/29,1061
2010/5/30,975
2010/5/31,811
2010/6/1,1293
2010/6/2,1113
2010/6/3,1056
2010/6/4,1141
2010/6/5,1060
2010/6/6,970
2010/6/7,1079
2010/6/8,1014
2010/6/9,1129
2010/6/10,1231
2010/6/11,1159
2010/6/12,999
2010/6/13,926
2010/6/14,1110
2010/6/15,1085
2010/6/16,1093
2010/6/17,1141
2010/6/18,1082
2010/6/19,931
2010/6/20,1088
2010/6/21,1142
2010/6/22,1041
2010/6/23,1005
2010/6/24,1024
2010/6/25,1153
2010/6/26,1118
2010/6/27,1106
2010/6/28,1168
2010/6/29,1106
2010/6/30,1140
2010/7/1,1257
2010/7/2,1091
2010/7/3,1005
2010/7/4,999
2010/7/5,1109
2010/7/6,1075
2010/7/7,1088
2010/7/8,1157
2010/7/9,1097
2010/7/10,1072
2010/7/11,1019
2010/7/12,1063
2010/7/13,1019
2010/7/14,1128
2010/7/15,1097
2010/7/16,1144
2010/7/17,1121
2010/7/18,1076
2010/7/19,1041
2010/7/20,1129
2010/7/21,1085
2010/7/22,1187
2010/7/23,1091
2010/7/24,935
2010/7/25,1064
2010/7/26,1056
2010/7/27,1134
2010/7/28,1098
2010/7/29,1004
2010/7/30,1060
2010/7/31,1002
2010/8/1,1195
2010/8/2,1061
2010/8/3,1045
2010/8/4,1049
2010/8/5,1119
2010/8/6,1154
2010/8/7,1101
2010/8/8,1069
2010/8/9,1097
2010/8/10,1112
2010/8/11,1099
2010/8/12,1042
2010/8/13,1068
2010/8/14,1118
2010/8/15,1107
2010/8/16,1116
2010/8/17,1084
2010/8/18,1129
2010/8/19,1152
2010/8/20,1149
2010/8/21,1060
2010/8/22,1042
2010/8/23,1129
2010/8/24,1116
2010/8/25,1071
2010/8/26,1140
2010/8/27,1133
2010/8/28,1040
2010/8/29,1128
2010/8/30,1132
2010/8/31,1084
2010/9/1,1222
2010/9/2,1022
2010/9/3,1098
2010/9/4,987
2010/9/5,982
2010/9/6,1055
2010/9/7,1128
2010/9/8,1056
2010/9/9,1014
2010/9/10,1121
2010/9/11,968
2010/9/12,1077
2010/9/13,997
2010/9/14,1068
2010/9/15,1057
2010/9/16,1039
2010/9/17,1126
2010/9/18,1048
2010/9/19,1039
2010/9/20,1083
2010/9/21,1134
2010/9/22,1125
2010/9/23,1086
2010/9/24,1150
2010/9/25,1096
2010/9/26,974
2010/9/27,968
2010/9/28,1084
2010/9/29,1071
2010/9/30,1001
2010/10/1,1238
2010/10/2,905
2010/10/3,886
2010/10/4,984
2010/10/5,1045
2010/10/6,1122
2010/10/7,1069
2010/10/8,1183
2010/10/9,1099
2010/10/10,1095
2010/10/11,1018
2010/10/12,1096
2010/10/13,1038
2010/10/14,1038
2010/10/15,1160
2010/10/16,1010
2010/10/17,979
2010/10/18,1032
2010/10/19,1034
2010/10/20,1053
2010/10/21,1066
2010/10/22,1066
2010/10/23,1001
2010/10/24,948
2010/10/25,1034
2010/10/26,1091
2010/10/27,1027
2010/10/28,989
2010/10/29,1084
2010/10/30,992
2010/10/31,1005
2010/11/1,1112
2010/11/2,1044
2010/11/3,972
2010/11/4,963
2010/11/5,1010
2010/11/6,937
2010/11/7,944
2010/11/8,1053
2010/11/9,1119
2010/11/10,1107
2010/11/11,1044
2010/11/12,1057
2010/11/13,946
2010/11/14,899
2010/11/15,1032
2010/11/16,940
2010/11/17,928
2010/11/18,940
2010/11/19,1093
2010/11/20,953
2010/11/21,912
2010/11/22,905
2010/11/23,932
2010/11/24,947
2010/11/25,666
2010/11/26,868
2010/11/27,854
2010/11/28,892
2010/11/29,917
2010/11/30,891
2010/12/1,943
2010/12/2,974
2010/12/3,929
2010/12/4,858
2010/12/5,766
2010/12/6,774
2010/12/7,886
2010/12/8,802
2010/12/9,854
2010/12/10,961
2010/12/11,811
2010/12/12,670
2010/12/13,728
2010/12/14,814
2010/12/15,906
2010/12/16,860
2010/12/17,911
2010/12/18,801
2010/12/19,750
2010/12/20,838
2010/12/21,815
2010/12/22,883
2010/12/23,856
2010/12/24,744
2010/12/25,503
2010/12/26,612
2010/12/27,687
2010/12/28,814
2010/12/29,797
2010/12/30,851
2010/12/31,832
2011/1/1,1507
2011/1/2,711
2011/1/3,884
2011/1/4,845
2011/1/5,896
2011/1/6,887
2011/1/7,936
2011/1/8,837
2011/1/9,749
2011/1/10,918
2011/1/11,845
2011/1/12,910
2011/1/13,937
2011/1/14,987
2011/1/15,895
2011/1/16,769
2011/1/17,809
2011/1/18,884
2011/1/19,931
2011/1/20,817
2011/1/21,840
2011/1/22,755
2011/1/23,810
2011/1/24,843
2011/1/25,914
2011/1/26,919
2011/1/27,842
2011/1/28,901
2011/1/29,826
2011/1/30,756
2011/1/31,794
2011/2/1,697
2011/2/2,320
2011/2/3,524
2011/2/4,669
2011/2/5,705
2011/2/6,653
2011/2/7,762
2011/2/8,718
2011/2/9,762
2011/2/10,780
2011/2/11,889
2011/2/12,829
2011/2/13,779
2011/2/14,875
2011/2/15,920
2011/2/16,935
2011/2/17,980
2011/2/18,1070
2011/2/19,882
2011/2/20,761
2011/2/21,704
2011/2/22,855
2011/2/23,859
2011/2/24,882
2011/2/25,910
2011/2/26,856
2011/2/27,783
2011/2/28,866
2011/3/1,1052
2011/3/2,822
2011/3/3,931
2011/3/4,941
2011/3/5,782
2011/3/6,723
2011/3/7,846
2011/3/8,916
2011/3/9,931
2011/3/10,946
2011/3/11,1074
2011/3/12,959
2011/3/13,777
2011/3/14,918
2011/3/15,929
2011/3/16,1053
2011/3/17,1077
2011/3/18,1103
2011/3/19,928
2011/3/20,806
2011/3/21,984
2011/3/22,914
2011/3/23,936
2011/3/24,893
2011/3/25,1021
2011/3/26,862
2011/3/27,845
2011/3/28,899
2011/3/29,917
2011/3/30,938
2011/3/31,959
2011/4/1,1077
2011/4/2,1106
2011/4/3,947
2011/4/4,1031
2011/4/5,992
2011/4/6,1029
2011/4/7,970
2011/4/8,1028
2011/4/9,948
2011/4/10,1112
2011/4/11,1006
2011/4/12,967
2011/4/13,1034
2011/4/14,1028
2011/4/15,1021
2011/4/16,924
2011/4/17,913
2011/4/18,904
2011/4/19,777
2011/4/20,879
2011/4/21,892
2011/4/22,894
2011/4/23,984
2011/4/24,848
2011/4/25,930
2011/4/26,947
2011/4/27,988
2011/4/28,963
2011/4/29,979
2011/4/30,975
2011/5/1,1140
2011/5/2,966
2011/5/3,993
2011/5/4,1024
2011/5/5,1077
2011/5/6,1062
2011/5/7,972
2011/5/8,941
2011/5/9,1056
2011/5/10,1076
2011/5/11,1111
2011/5/12,1044
2011/5/13,1174
2011/5/14,929
2011/5/15,917
2011/5/16,968
2011/5/17,1040
2011/5/18,955
2011/5/19,1060
2011/5/20,1114
2011/5/21,966
2011/5/22,1015
2011/5/23,1053
2011/5/24,1037
2011/5/25,976
2011/5/26,949
2011/5/27,1032
2011/5/28,948
2011/5/29,882
2011/5/30,1004
2011/5/31,1089
2011/6/1,1209
2011/6/2,1177
2011/6/3,1113
2011/6/4,1101
2011/6/5,1032
2011/6/6,1069
2011/6/7,1095
2011/6/8,1081
2011/6/9,962
2011/6/10,1148
2011/6/11,1019
2011/6/12,1005
2011/6/13,1054
2011/6/14,1101
2011/6/15,1106
2011/6/16,1029
2011/6/17,1174
2011/6/18,1058
2011/6/19,1049
2011/6/20,1107
2011/6/21,1067
2011/6/22,1039
2011/6/23,1046
2011/6/24,1029
2011/6/25,1110
2011/6/26,1097
2011/6/27,999
2011/6/28,1079
2011/6/29,1107
2011/6/30,1032
2011/7/1,1128
2011/7/2,1130
2011/7/3,983
2011/7/4,1030
2011/7/5,1144
2011/7/6,1087
2011/7/7,1073
2011/7/8,1028
2011/7/9,1073
2011/7/10,1079
2011/7/11,1090
2011/7/12,1088
2011/7/13,1118
2011/7/14,1068
2011/7/15,1188
2011/7/16,1103
2011/7/17,1042
2011/7/18,1051
2011/7/19,1069
2011/7/20,1019
2011/7/21,1010
2011/7/22,1128
2011/7/23,1038
2011/7/24,1001
2011/7/25,1062
2011/7/26,1039
2011/7/27,1093
2011/7/28,1090
2011/7/29,1066
2011/7/30,1075
2011/7/31,1049
2011/8/1,1231
2011/8/2,1022
2011/8/3,1126
2011/8/4,1146
2011/8/5,1146
2011/8/6,1106
2011/8/7,929
2011/8/8,923
2011/8/9,997
2011/8/10,1016
2011/8/11,1053
2011/8/12,1130
2011/8/13,1038
2011/8/14,972
2011/8/15,1035
2011/8/16,953
2011/8/17,1032
2011/8/18,1070
2011/8/19,1168
2011/8/20,1080
2011/8/21,1007
2011/8/22,1019
2011/8/23,990
2011/8/24,1030
2011/8/25,1091
2011/8/26,1049
2011/8/27,1050
2011/8/28,1008
2011/8/29,1034
2011/8/30,1043
2011/8/31,1078
2011/9/1,1174
2011/9/2,1088
2011/9/3,996
2011/9/4,971
2011/9/5,934
2011/9/6,942
2011/9/7,992
2011/9/8,934
2011/9/9,1075
2011/9/10,1091
2011/9/11,964
2011/9/12,1054
2011/9/13,1028
2011/9/14,983
2011/9/15,963
2011/9/16,1064
2011/9/17,977
2011/9/18,918
2011/9/19,988
2011/9/20,968
2011/9/21,977
2011/9/22,1130
2011/9/23,1014
2011/9/24,949
2011/9/25,908
2011/9/26,942
2011/9/27,946
2011/9/28,937
2011/9/29,986
2011/9/30,1022
2011/10/1,1067
2011/10/2,927
2011/10/3,938
2011/10/4,970
2011/10/5,966
2011/10/6,971
2011/10/7,1055
2011/10/8,1015
2011/10/9,1002
2011/10/10,896
2011/10/11,1025
2011/10/12,1065
2011/10/13,828
2011/10/14,1021
2011/10/15,962
2011/10/16,893
2011/10/17,918
2011/10/18,919
2011/10/19,878
2011/10/20,888
2011/10/21,1009
2011/10/22,1010
2011/10/23,1040
2011/10/24,1023
2011/10/25,1060
2011/10/26,978
2011/10/27,956
2011/10/28,1045
2011/10/29,948
2011/10/30,954
2011/10/31,1036
2011/11/1,1194
2011/11/2,974
2011/11/3,861
2011/11/4,1004
2011/11/5,904
2011/11/6,941
2011/11/7,869
2011/11/8,871
2011/11/9,891
2011/11/10,865
2011/11/11,956
2011/11/12,998
2011/11/13,933
2011/11/14,962
2011/11/15,1056
2011/11/16,884
2011/11/17,910
2011/11/18,930
2011/11/19,911
2011/11/20,915
2011/11/21,932
2011/11/22,851
2011/11/23,975
2011/11/24,711
2011/11/25,934
2011/11/26,878
2011/11/27,825
2011/11/28,898
2011/11/29,892
2011/11/30,894
2011/12/1,1047
2011/12/2,999
2011/12/3,875
2011/12/4,884
2011/12/5,935
2011/12/6,875
2011/12/7,833
2011/12/8,831
2011/12/9,861
2011/12/10,881
2011/12/11,836
2011/12/12,921
2011/12/13,974
2011/12/14,910
2011/12/15,935
2011/12/16,950
2011/12/17,816
2011/12/18,832
2011/12/19,940
2011/12/20,980
2011/12/21,934
2011/12/22,880
2011/12/23,923
2011/12/24,733
2011/12/25,518
2011/12/26,712
2011/12/27,785
2011/12/28,852
2011/12/29,864
2011/12/30,898
2011/12/31,791
2012/1/1,1467
2012/1/2,700
2012/1/3,806
2012/1/4,799
2012/1/5,871
2012/1/6,913
2012/1/7,859
2012/1/8,800
2012/1/9,882
2012/1/10,897
2012/1/11,886
2012/1/12,743
2012/1/13,752
2012/1/14,780
2012/1/15,772
2012/1/16,825
2012/1/17,844
2012/1/18,791
2012/1/19,747
2012/1/20,684
2012/1/21,716
2012/1/22,682
2012/1/23,833
2012/1/24,898
2012/1/25,962
2012/1/26,924
2012/1/27,932
2012/1/28,807
2012/1/29,813
2012/1/30,867
2012/1/31,964
2012/2/1,1037
2012/2/2,879
2012/2/3,897
2012/2/4,848
2012/2/5,742
2012/2/6,765
2012/2/7,858
2012/2/8,810
2012/2/9,828
2012/2/10,773
2012/2/11,711
2012/2/12,716
2012/2/13,729
2012/2/14,775
2012/2/15,927
2012/2/16,868
2012/2/17,983
2012/2/18,763
2012/2/19,785
2012/2/20,715
2012/2/21,849
2012/2/22,896
2012/2/23,817
2012/2/24,784
2012/2/25,792
2012/2/26,726
2012/2/27,817
2012/2/28,893
2012/2/29,875
2012/3/1,1032
2012/3/2,881
2012/3/3,778
2012/3/4,756
2012/3/5,764
2012/3/6,938
2012/3/7,950
2012/3/8,921
2012/3/9,958
2012/3/10,890
2012/3/11,803
2012/3/12,911
2012/3/13,926
2012/3/14,930
2012/3/15,999
2012/3/16,955
2012/3/17,1069
2012/3/18,919
2012/3/19,978
2012/3/20,991
2012/3/21,1075
2012/3/22,979
2012/3/23,976
2012/3/24,905
2012/3/25,885
2012/3/26,829
2012/3/27,868
2012/3/28,911
2012/3/29,948
2012/3/30,941
2012/3/31,878
2012/4/1,993
2012/4/2,828
2012/4/3,883
2012/4/4,865
2012/4/5,880
2012/4/6,901
2012/4/7,974
2012/4/8,820
2012/4/9,918
2012/4/10,843
2012/4/11,919
2012/4/12,922
2012/4/13,939
2012/4/14,944
2012/4/15,976
2012/4/16,931
2012/4/17,957
2012/4/18,878
2012/4/19,961
2012/4/20,917
2012/4/21,876
2012/4/22,824
2012/4/23,935
2012/4/24,896
2012/4/25,952
2012/4/26,925
2012/4/27,962
2012/4/28,878
2012/4/29,803
2012/4/30,869
2012/5/1,1055
2012/5/2,998
2012/5/3,981
2012/5/4,1030
2012/5/5,948
2012/5/6,841
2012/5/7,972
2012/5/8,1023
2012/5/9,976
2012/5/10,916
2012/5/11,996
2012/5/12,932
2012/5/13,819
2012/5/14,1004
2012/5/15,1038
2012/5/16,947
2012/5/17,954
2012/5/18,977
2012/5/19,930
2012/5/20,955
2012/5/21,886
2012/5/22,949
2012/5/23,1072
2012/5/24,1021
2012/5/25,1082
2012/5/26,910
2012/5/27,927
2012/5/28,1029
2012/5/29,1094
2012/5/30,984
2012/5/31,828
2012/6/1,1212
2012/6/2,944
2012/6/3,991
2012/6/4,979
2012/6/5,949
2012/6/6,1024
2012/6/7,990
2012/6/8,1114
2012/6/9,1049
2012/6/10,1007
2012/6/11,1066
2012/6/12,1087
2012/6/13,1076
2012/6/14,979
2012/6/15,1081
2012/6/16,1059
2012/6/17,946
2012/6/18,1067
2012/6/19,1004
2012/6/20,1098
2012/6/21,1055
2012/6/22,1120
2012/6/23,1128
2012/6/24,1077
2012/6/25,965
2012/6/26,956
2012/6/27,1046
2012/6/28,939
2012/6/29,1043
2012/6/30,1010
2012/7/1,1180
2012/7/2,1055
2012/7/3,1057
2012/7/4,1045
2012/7/5,1010
2012/7/6,1027
2012/7/7,1062
2012/7/8,1090
2012/7/9,1065
2012/7/10,1054
2012/7/11,1029
2012/7/12,1037
2012/7/13,1083
2012/7/14,1054
2012/7/15,1124
2012/7/16,988
2012/7/17,1004
2012/7/18,974
2012/7/19,919
2012/7/20,1072
2012/7/21,1065
2012/7/22,985
2012/7/23,988
2012/7/24,967
2012/7/25,1010
2012/7/26,975
2012/7/27,1040
2012/7/28,1044
2012/7/29,1015
2012/7/30,1000
2012/7/31,933
2012/8/1,1093
2012/8/2,1018
2012/8/3,1061
2012/8/4,1000
2012/8/5,960
2012/8/6,961
2012/8/7,951
2012/8/8,972
2012/8/9,935
2012/8/10,914
2012/8/11,993
2012/8/12,943
2012/8/13,867
2012/8/14,961
2012/8/15,1061
2012/8/16,937
2012/8/17,962
2012/8/18,986
2012/8/19,940
2012/8/20,893
2012/8/21,920
2012/8/22,890
2012/8/23,1029
2012/8/24,1033
2012/8/25,1080
2012/8/26,905
2012/8/27,902
2012/8/28,953
2012/8/29,955
2012/8/30,929
2012/8/31,1014
2012/9/1,1171
2012/9/2,895
2012/9/3,890
2012/9/4,913
2012/9/5,861
2012/9/6,1017
2012/9/7,959
2012/9/8,985
2012/9/9,907
2012/9/10,875
2012/9/11,912
2012/9/12,936
2012/9/13,868
2012/9/14,996
2012/9/15,1011
2012/9/16,897
2012/9/17,901
2012/9/18,831
2012/9/19,913
2012/9/20,919
2012/9/21,999
2012/9/22,871
2012/9/23,827
2012/9/24,869
2012/9/25,921
2012/9/26,934
2012/9/27,837
2012/9/28,983
2012/9/29,970
2012/9/30,869
2012/10/1,1049
2012/10/2,905
2012/10/3,919
2012/10/4,879
2012/10/5,914
2012/10/6,807
2012/10/7,768
2012/10/8,900
2012/10/9,891
2012/10/10,961
2012/10/11,866
2012/10/12,963
2012/10/13,875
2012/10/14,860
2012/10/15,938
2012/10/16,873
2012/10/17,955
2012/10/18,895
2012/10/19,942
2012/10/20,961
2012/10/21,925
2012/10/22,839
2012/10/23,892
2012/10/24,1017
2012/10/25,850
2012/10/26,961
2012/10/27,860
2012/10/28,827
2012/10/29,832
2012/10/30,870
2012/10/31,950
2012/11/1,1067
2012/11/2,931
2012/11/3,801
2012/11/4,731
2012/11/5,889
2012/11/6,786
2012/11/7,875
2012/11/8,853
2012/11/9,1001
2012/11/10,977
2012/11/11,884
2012/11/12,795
2012/11/13,824
2012/11/14,847
2012/11/15,946
2012/11/16,941
2012/11/17,872
2012/11/18,848
2012/11/19,866
2012/11/20,925
2012/11/21,890
2012/11/22,660
2012/11/23,787
2012/11/24,838
2012/11/25,813
2012/11/26,798
2012/11/27,807
2012/11/28,858
2012/11/29,916
2012/11/30,990
2012/12/1,1048
2012/12/2,842
2012/12/3,933
2012/12/4,916
2012/12/5,860
2012/12/6,875
2012/12/7,896
2012/12/8,777
2012/12/9,761
2012/12/10,851
2012/12/11,826
2012/12/12,912
2012/12/13,808
2012/12/14,952
2012/12/15,857
2012/12/16,788
2012/12/17,828
2012/12/18,849
2012/12/19,874
2012/12/20,828
2012/12/21,777
2012/12/22,732
2012/12/23,763
2012/12/24,709
2012/12/25,522
2012/12/26,621
2012/12/27,683
2012/12/28,853
2012/12/29,806
2012/12/30,705
2012/12/31,738
2013/1/1,1321
2013/1/2,748
2013/1/3,771
2013/1/4,866
2013/1/5,787
2013/1/6,697
2013/1/7,817
2013/1/8,755
2013/1/9,882
2013/1/10,847
2013/1/11,905
2013/1/12,761
2013/1/13,708
2013/1/14,743
2013/1/15,839
2013/1/16,829
2013/1/17,848
2013/1/18,926
2013/1/19,885
2013/1/20,688
2013/1/21,665
2013/1/22,692
2013/1/23,796
2013/1/24,862
2013/1/25,824
2013/1/26,796
2013/1/27,703
2013/1/28,906
2013/1/29,906
2013/1/30,856
2013/1/31,753
2013/2/1,883
2013/2/2,738
2013/2/3,591
2013/2/4,727
2013/2/5,788
2013/2/6,826
2013/2/7,752
2013/2/8,816
2013/2/9,800
2013/2/10,761
2013/2/11,759
2013/2/12,783
2013/2/13,858
2013/2/14,749
2013/2/15,931
2013/2/16,690
2013/2/17,692
2013/2/18,757
2013/2/19,748
2013/2/20,767
2013/2/21,768
2013/2/22,761
2013/2/23,697
2013/2/24,676
2013/2/25,756
2013/2/26,674
2013/2/27,825
2013/2/28,808
2013/3/1,993
2013/3/2,766
2013/3/3,715
2013/3/4,814
2013/3/5,694
2013/3/6,723
2013/3/7,831
2013/3/8,879
2013/3/9,838
2013/3/10,693
2013/3/11,823
2013/3/12,841
2013/3/13,822
2013/3/14,841
2013/3/15,878
2013/3/16,826
2013/3/17,771
2013/3/18,793
2013/3/19,770
2013/3/20,789
2013/3/21,758
2013/3/22,862
2013/3/23,781
2013/3/24,789
2013/3/25,756
2013/3/26,774
2013/3/27,775
2013/3/28,831
2013/3/29,871
2013/3/30,868
2013/3/31,767
2013/4/1,943
2013/4/2,838
2013/4/3,826
2013/4/4,932
2013/4/5,900
2013/4/6,805
2013/4/7,795
2013/4/8,896
2013/4/9,824
2013/4/10,852
2013/4/11,812
2013/4/12,920
2013/4/13,842
2013/4/14,827
2013/4/15,842
2013/4/16,858
2013/4/17,719
2013/4/18,797
2013/4/19,847
2013/4/20,804
2013/4/21,773
2013/4/22,914
2013/4/23,764
2013/4/24,907
2013/4/25,875
2013/4/26,962
2013/4/27,870
2013/4/28,794
2013/4/29,904
2013/4/30,860
2013/5/1,1159
2013/5/2,826
2013/5/3,903
2013/5/4,911
2013/5/5,827
2013/5/6,876
2013/5/7,907
2013/5/8,965
2013/5/9,834
2013/5/10,915
2013/5/11,833
2013/5/12,831
2013/5/13,894
2013/5/14,906
2013/5/15,1037
2013/5/16,970
2013/5/17,987
2013/5/18,946
2013/5/19,850
2013/5/20,959
2013/5/21,930
2013/5/22,910
2013/5/23,839
2013/5/24,935
2013/5/25,837
2013/5/26,777
2013/5/27,770
2013/5/28,848
2013/5/29,903
2013/5/30,946
2013/5/31,933
2013/6/1,1062
2013/6/2,832
2013/6/3,914
2013/6/4,858
2013/6/5,901
2013/6/6,960
2013/6/7,878
2013/6/8,923
2013/6/9,831
2013/6/10,887
2013/6/11,853
2013/6/12,830
2013/6/13,914
2013/6/14,1006
2013/6/15,896
2013/6/16,953
2013/6/17,1021
2013/6/18,928
2013/6/19,899
2013/6/20,968
2013/6/21,904
2013/6/22,922
2013/6/23,888
2013/6/24,825
2013/6/25,913
2013/6/26,951
2013/6/27,875
2013/6/28,909
2013/6/29,903
2013/6/30,933
2013/7/1,1065
2013/7/2,878
2013/7/3,878
2013/7/4,946
2013/7/5,990
2013/7/6,885
2013/7/7,901
2013/7/8,881
2013/7/9,883
2013/7/10,871
2013/7/11,884
2013/7/12,943
2013/7/13,946
2013/7/14,944
2013/7/15,1018
2013/7/16,907
2013/7/17,931
2013/7/18,920
2013/7/19,903
2013/7/20,918
2013/7/21,929
2013/7/22,1001
2013/7/23,925
2013/7/24,962
2013/7/25,918
2013/7/26,990
2013/7/27,895
2013/7/28,859
2013/7/29,891
2013/7/30,891
2013/7/31,843
2013/8/1,1017
2013/8/2,968
2013/8/3,971
2013/8/4,922
2013/8/5,853
2013/8/6,905
2013/8/7,940
2013/8/8,909
2013/8/9,987
2013/8/10,1018
2013/8/11,896
2013/8/12,981
2013/8/13,900
2013/8/14,881
2013/8/15,923
2013/8/16,924
2013/8/17,944
2013/8/18,882
2013/8/19,938
2013/8/20,960
2013/8/21,864
2013/8/22,905
2013/8/23,903
2013/8/24,941
2013/8/25,948
2013/8/26,939
2013/8/27,884
2013/8/28,901
2013/8/29,872
2013/8/30,933
2013/8/31,816
2013/9/1,1101
2013/9/2,927
2013/9/3,872
2013/9/4,838
2013/9/5,923
2013/9/6,897
2013/9/7,921
2013/9/8,863
2013/9/9,868
2013/9/10,916
2013/9/11,870
2013/9/12,857
2013/9/13,882
2013/9/14,828
2013/9/15,835
2013/9/16,776
2013/9/17,836
2013/9/18,853
2013/9/19,850
2013/9/20,946
2013/9/21,904
2013/9/22,756
2013/9/23,848
2013/9/24,921
2013/9/25,885
2013/9/26,855
2013/9/27,963
2013/9/28,923
2013/9/29,756
2013/9/30,833
2013/10/1,1084
2013/10/2,868
2013/10/3,858
2013/10/4,873
2013/10/5,852
2013/10/6,742
2013/10/7,775
2013/10/8,801
2013/10/9,880
2013/10/10,852
2013/10/11,869
2013/10/12,820
2013/10/13,778
2013/10/14,783
2013/10/15,782
2013/10/16,800
2013/10/17,778
2013/10/18,836
2013/10/19,778
2013/10/20,808
2013/10/21,779
2013/10/22,750
2013/10/23,750
2013/10/24,766
2013/10/25,843
2013/10/26,743
2013/10/27,749
2013/10/28,840
2013/10/29,851
2013/10/30,831
2013/10/31,919
2013/11/1,1000
2013/11/2,776
2013/11/3,798
2013/11/4,830
2013/11/5,827
2013/11/6,784
2013/11/7,771
2013/11/8,864
2013/11/9,773
2013/11/10,752
2013/11/11,684
2013/11/12,689
2013/11/13,826
2013/11/14,765
2013/11/15,933
2013/11/16,763
2013/11/17,740
2013/11/18,857
2013/11/19,850
2013/11/20,868
2013/11/21,862
2013/11/22,851
2013/11/23,670
2013/11/24,640
2013/11/25,679
2013/11/26,830
2013/11/27,731
2013/11/28,565
2013/11/29,807
2013/11/30,746
2013/12/1,869
2013/12/2,790
2013/12/3,855
2013/12/4,866
2013/12/5,762
2013/12/6,724
2013/12/7,649
2013/12/8,608
2013/12/9,628
2013/12/10,635
2013/12/11,651
2013/12/12,660
2013/12/13,797
2013/12/14,653
2013/12/15,630
2013/12/16,706
2013/12/17,756
2013/12/18,761
2013/12/19,798
2013/12/20,858
2013/12/21,783
2013/12/22,752
2013/12/23,677
2013/12/24,542
2013/12/25,424
2013/12/26,604
2013/12/27,735
2013/12/28,740
2013/12/29,717
2013/12/30,639
2013/12/31,560
2014/1/1,1102
2014/1/2,480
2014/1/3,560
2014/1/4,576
2014/1/5,404
2014/1/6,364
2014/1/7,466
2014/1/8,598
2014/1/9,611
2014/1/10,635
2014/1/11,653
2014/1/12,687
2014/1/13,759
2014/1/14,685
2014/1/15,743
2014/1/16,688
2014/1/17,745
2014/1/18,663
2014/1/19,647
2014/1/20,694
2014/1/21,589
2014/1/22,623
2014/1/23,622
2014/1/24,686
2014/1/25,677
2014/1/26,593
2014/1/27,546
2014/1/28,593
2014/1/29,728
2014/1/30,751
2014/1/31,743
2014/2/1,780
2014/2/2,579
2014/2/3,677
2014/2/4,645
2014/2/5,559
2014/2/6,610
2014/2/7,692
2014/2/8,602
2014/2/9,648
2014/2/10,616
2014/2/11,593
2014/2/12,604
2014/2/13,642
2014/2/14,692
2014/2/15,638
2014/2/16,585
2014/2/17,597
2014/2/18,630
2014/2/19,706
2014/2/20,647
2014/2/21,718
2014/2/22,647
2014/2/23,631
2014/2/24,632
2014/2/25,649
2014/2/26,662
2014/2/27,612
2014/2/28,697
2014/3/1,720
2014/3/2,550
2014/3/3,592
2014/3/4,627
2014/3/5,636
2014/3/6,660
2014/3/7,757
2014/3/8,680
2014/3/9,621
2014/3/10,814
2014/3/11,696
2014/3/12,657
2014/3/13,717
2014/3/14,824
2014/3/15,844
2014/3/16,638
2014/3/17,704
2014/3/18,818
2014/3/19,761
2014/3/20,779
2014/3/21,798
2014/3/22,737
2014/3/23,646
2014/3/24,696
2014/3/25,699
2014/3/26,724
2014/3/27,719
2014/3/28,784
2014/3/29,769
2014/3/30,737
2014/3/31,736
2014/4/1,901
2014/4/2,719
2014/4/3,714
2014/4/4,811
2014/4/5,752
2014/4/6,707
2014/4/7,760
2014/4/8,746
2014/4/9,774
2014/4/10,809
2014/4/11,785
2014/4/12,870
2014/4/13,679
2014/4/14,686
2014/4/15,745
2014/4/16,771
2014/4/17,834
2014/4/18,786
2014/4/19,752
2014/4/20,688
2014/4/21,727
2014/4/22,735
2014/4/23,736
2014/4/24,768
2014/4/25,846
2014/4/26,778
2014/4/27,672
2014/4/28,721
2014/4/29,787
2014/4/30,797
2014/5/1,861
2014/5/2,864
2014/5/3,745
2014/5/4,720
2014/5/5,844
2014/5/6,825
2014/5/7,768
2014/5/8,765
2014/5/9,862
2014/5/10,815
2014/5/11,742
2014/5/12,811
2014/5/13,813
2014/5/14,787
2014/5/15,753
2014/5/16,838
2014/5/17,802
2014/5/18,859
2014/5/19,787
2014/5/20,763
2014/5/21,834
2014/5/22,788
2014/5/23,807
2014/5/24,757
2014/5/25,824
2014/5/26,777
2014/5/27,760
2014/5/28,801
2014/5/29,772
2014/5/30,827
2014/5/31,848
2014/6/1,1013
2014/6/2,871
2014/6/3,897
2014/6/4,775
2014/6/5,802
2014/6/6,855
2014/6/7,867
2014/6/8,774
2014/6/9,821
2014/6/10,672
2014/6/11,772
2014/6/12,822
2014/6/13,934
2014/6/14,838
2014/6/15,881
2014/6/16,870
2014/6/17,886
2014/6/18,770
2014/6/19,822
2014/6/20,887
2014/6/21,862
2014/6/22,867
2014/6/23,828
2014/6/24,858
2014/6/25,854
2014/6/26,822
2014/6/27,892
2014/6/28,854
2014/6/29,905
2014/6/30,800
2014/7/1,991
2014/7/2,817
2014/7/3,884
2014/7/4,838
2014/7/5,897
2014/7/6,872
2014/7/7,896
2014/7/8,813
2014/7/9,854
2014/7/10,818
2014/7/11,940
2014/7/12,808
2014/7/13,849
2014/7/14,806
2014/7/15,817
2014/7/16,842
2014/7/17,806
2014/7/18,874
2014/7/19,868
2014/7/20,843
2014/7/21,809
2014/7/22,830
2014/7/23,860
2014/7/24,852
2014/7/25,923
2014/7/26,875
2014/7/27,890
2014/7/28,873
2014/7/29,801
2014/7/30,791
2014/7/31,858
2014/8/1,1063
2014/8/2,893
2014/8/3,843
2014/8/4,780
2014/8/5,823
2014/8/6,807
2014/8/7,841
2014/8/8,816
2014/8/9,886
2014/8/10,853
2014/8/11,872
2014/8/12,758
2014/8/13,854
2014/8/14,792
2014/8/15,861
2014/8/16,853
2014/8/17,862
2014/8/18,814
2014/8/19,774
2014/8/20,834
2014/8/21,777
2014/8/22,814
2014/8/23,821
2014/8/24,856
2014/8/25,777
2014/8/26,799
2014/8/27,782
2014/8/28,735
2014/8/29,882
2014/8/30,867
2014/8/31,829
2014/9/1,997
2014/9/2,798
2014/9/3,722
2014/9/4,747
2014/9/5,841
2014/9/6,813
2014/9/7,823
2014/9/8,686
2014/9/9,785
2014/9/10,703
2014/9/11,746
2014/9/12,716
2014/9/13,684
2014/9/14,759
2014/9/15,734
2014/9/16,746
2014/9/17,795
2014/9/18,865
2014/9/19,875
2014/9/20,846
2014/9/21,790
2014/9/22,767
2014/9/23,834
2014/9/24,834
2014/9/25,750
2014/9/26,876
2014/9/27,890
2014/9/28,837
2014/9/29,797
2014/9/30,778
2014/10/1,962
2014/10/2,799
2014/10/3,776
2014/10/4,722
2014/10/5,715
2014/10/6,722
2014/10/7,757
2014/10/8,743
2014/10/9,685
2014/10/10,738
2014/10/11,799
2014/10/12,691
2014/10/13,703
2014/10/14,727
2014/10/15,771
2014/10/16,745
2014/10/17,866
2014/10/18,836
2014/10/19,743
2014/10/20,754
2014/10/21,775
2014/10/22,723
2014/10/23,774
2014/10/24,878
2014/10/25,801
2014/10/26,750
2014/10/27,811
2014/10/28,770
2014/10/29,792
2014/10/30,776
2014/10/31,824
2014/11/1,884
2014/11/2,728
2014/11/3,772
2014/11/4,774
2014/11/5,741
2014/11/6,667
2014/11/7,777
2014/11/8,744
2014/11/9,684
2014/11/10,775
2014/11/11,670
2014/11/12,592
2014/11/13,659
2014/11/14,751
2014/11/15,749
2014/11/16,675
2014/11/17,624
2014/11/18,623
2014/11/19,633
2014/11/20,632
2014/11/21,729
2014/11/22,728
2014/11/23,685
2014/11/24,590
2014/11/25,661
2014/11/26,677
2014/11/27,453
2014/11/28,600
2014/11/29,704
2014/11/30,722
2014/12/1,794
2014/12/2,648
2014/12/3,747
2014/12/4,691
2014/12/5,800
2014/12/6,660
2014/12/7,594
2014/12/8,706
2014/12/9,652
2014/12/10,727
2014/12/11,638
2014/12/12,725
2014/12/13,768
2014/12/14,713
2014/12/15,728
2014/12/16,657
2014/12/17,736
2014/12/18,666
2014/12/19,767
2014/12/20,738
2014/12/21,647
2014/12/22,646
2014/12/23,671
2014/12/24,567
2014/12/25,438
2014/12/26,624
2014/12/27,716
2014/12/28,631
2014/12/29,677
2014/12/30,571
2014/12/31,580
2015/1/1,1091
2015/1/2,671
2015/1/3,648
2015/1/4,513
2015/1/5,520
2015/1/6,501
2015/1/7,472
2015/1/8,445
2015/1/9,586
2015/1/10,643
2015/1/11,648
2015/1/12,606
2015/1/13,609
2015/1/14,673
2015/1/15,758
2015/1/16,707
2015/1/17,741
2015/1/18,694
2015/1/19,706
2015/1/20,791
2015/1/21,741
2015/1/22,748
2015/1/23,799
2015/1/24,756
2015/1/25,644
2015/1/26,656
2015/1/27,673
2015/1/28,644
2015/1/29,702
2015/1/30,714
2015/1/31,635
2015/2/1,540
2015/2/2,468
2015/2/3,507
2015/2/4,576
2015/2/5,568
2015/2/6,692
2015/2/7,676
2015/2/8,614
2015/2/9,606
2015/2/10,626
2015/2/11,603
2015/2/12,608
2015/2/13,629
2015/2/14,597
2015/2/15,550
2015/2/16,536
2015/2/17,594
2015/2/18,508
2015/2/19,463
2015/2/20,649
2015/2/21,651
2015/2/22,591
2015/2/23,571
2015/2/24,627
2015/2/25,569
2015/2/26,514
2015/2/27,637
2015/2/28,544
2015/3/1,743
2015/3/2,657
2015/3/3,632
2015/3/4,558
2015/3/5,611
2015/3/6,708
2015/3/7,695
2015/3/8,625
2015/3/9,725
2015/3/10,752
2015/3/11,740
2015/3/12,747
2015/3/13,811
2015/3/14,796
2015/3/15,773
2015/3/16,777
2015/3/17,692
2015/3/18,686
2015/3/19,715
2015/3/20,774
2015/3/21,689
2015/3/22,655
2015/3/23,591
2015/3/24,637
2015/3/25,722
2015/3/26,681
2015/3/27,721
2015/3/28,657
2015/3/29,619
2015/3/30,716
2015/3/31,690
2015/4/1,901
2015/4/2,790
2015/4/3,707
2015/4/4,691
2015/4/5,671
2015/4/6,674
2015/4/7,603
2015/4/8,679
2015/4/9,645
2015/4/10,711
2015/4/11,719
2015/4/12,773
2015/4/13,732
2015/4/14,764
2015/4/15,796
2015/4/16,683
2015/4/17,784
2015/4/18,766
2015/4/19,702
2015/4/20,742
2015/4/21,661
2015/4/22,682
2015/4/23,730
2015/4/24,760
2015/4/25,695
2015/4/26,716
2015/4/27,719
2015/4/28,718
2015/4/29,764
2015/4/30,663
2015/5/1,922
2015/5/2,684
2015/5/3,745
2015/5/4,776
2015/5/5,695
2015/5/6,736
2015/5/7,818
2015/5/8,805
2015/5/9,685
2015/5/10,740
2015/5/11,742
2015/5/12,754
2015/5/13,765
2015/5/14,756
2015/5/15,818
2015/5/16,881
2015/5/17,835
2015/5/18,755
2015/5/19,706
2015/5/20,725
2015/5/21,742
2015/5/22,822
2015/5/23,796
2015/5/24,687
2015/5/25,708
2015/5/26,767
2015/5/27,735
2015/5/28,798
2015/5/29,824
2015/5/30,718
2015/5/31,663
2015/6/1,925
2015/6/2,770
2015/6/3,774
2015/6/4,720
2015/6/5,784
2015/6/6,756
2015/6/7,738
2015/6/8,681
2015/6/9,729
2015/6/10,787
2015/6/11,798
2015/6/12,826
2015/6/13,811
2015/6/14,794
2015/6/15,736
2015/6/16,847
2015/6/17,720
2015/6/18,766
2015/6/19,775
2015/6/20,765
2015/6/21,783
2015/6/22,779
2015/6/23,728
2015/6/24,728
2015/6/25,783
2015/6/26,781
2015/6/27,720
2015/6/28,797
2015/6/29,749
2015/6/30,747
2015/7/1,861
2015/7/2,756
2015/7/3,768
2015/7/4,844
2015/7/5,897
2015/7/6,754
2015/7/7,698
2015/7/8,712
2015/7/9,671
2015/7/10,737
2015/7/11,797
2015/7/12,801
2015/7/13,779
2015/7/14,711
2015/7/15,789
2015/7/16,666
2015/7/17,824
2015/7/18,775
2015/7/19,762
2015/7/20,777
2015/7/21,775
2015/7/22,771
2015/7/23,807
2015/7/24,865
2015/7/25,831
2015/7/26,802
2015/7/27,832
2015/7/28,764
2015/7/29,762
2015/7/30,772
2015/7/31,775
2015/8/1,1013
2015/8/2,821
2015/8/3,729
2015/8/4,760
2015/8/5,767
2015/8/6,807
2015/8/7,839
2015/8/8,847
2015/8/9,743
2015/8/10,807
2015/8/11,788
2015/8/12,758
2015/8/13,783
2015/8/14,803
2015/8/15,820
2015/8/16,865
2015/8/17,738
2015/8/18,760
2015/8/19,790
2015/8/20,836
2015/8/21,855
2015/8/22,845
2015/8/23,804
2015/8/24,724
2015/8/25,766
2015/8/26,786
2015/8/27,763
2015/8/28,803
2015/8/29,758
2015/8/30,799
2015/8/31,743
2015/9/1,927
2015/9/2,798
2015/9/3,873
2015/9/4,812
2015/9/5,760
2015/9/6,814
2015/9/7,807
2015/9/8,715
2015/9/9,710
2015/9/10,658
2015/9/11,687
2015/9/12,723
2015/9/13,735
2015/9/14,785
2015/9/15,806
2015/9/16,766
2015/9/17,717
2015/9/18,791
2015/9/19,790
2015/9/20,810
2015/9/21,734
2015/9/22,775
2015/9/23,830
2015/9/24,714
2015/9/25,806
2015/9/26,791
2015/9/27,801
2015/9/28,751
2015/9/29,666
2015/9/30,675
2015/10/1,860
2015/10/2,793
2015/10/3,707
2015/10/4,653
2015/10/5,749
2015/10/6,750
2015/10/7,717
2015/10/8,699
2015/10/9,793
2015/10/10,727
2015/10/11,735
2015/10/12,728
2015/10/13,740
2015/10/14,763
2015/10/15,807
2015/10/16,733
2015/10/17,706
2015/10/18,674
2015/10/19,785
2015/10/20,783
2015/10/21,793
2015/10/22,773
2015/10/23,776
2015/10/24,763
2015/10/25,727
2015/10/26,780
2015/10/27,649
2015/10/28,681
2015/10/29,667
2015/10/30,774
2015/10/31,720
2015/11/1,972
2015/11/2,781
2015/11/3,750
2015/11/4,788
2015/11/5,750
2015/11/6,746
2015/11/7,690
2015/11/8,704
2015/11/9,680
2015/11/10,640
2015/11/11,685
2015/11/12,692
2015/11/13,678
2015/11/14,695
2015/11/15,720
2015/11/16,740
2015/11/17,666
2015/11/18,681
2015/11/19,697
2015/11/20,710
2015/11/21,527
2015/11/22,518
2015/11/23,650
2015/11/24,607
2015/11/25,618
2015/11/26,587
2015/11/27,611
2015/11/28,657
2015/11/29,610
2015/11/30,665
2015/12/1,758
2015/12/2,711
2015/12/3,709
2015/12/4,699
2015/12/5,706
2015/12/6,686
2015/12/7,687
2015/12/8,726
2015/12/9,684
2015/12/10,689
2015/12/11,742
2015/12/12,753
2015/12/13,650
2015/12/14,738
2015/12/15,789
2015/12/16,720
2015/12/17,728
2015/12/18,650
2015/12/19,666
2015/12/20,691
2015/12/21,648
2015/12/22,692
2015/12/23,751
2015/12/24,673
2015/12/25,497
2015/12/26,637
2015/12/27,625
2015/12/28,513
2015/12/29,619
2015/12/30,601
2015/12/31,608
2016/1/1,989
2016/1/2,573
2016/1/3,617
2016/1/4,623
2016/1/5,622
2016/1/6,624
2016/1/7,705
2016/1/8,742
2016/1/9,648
2016/1/10,594
2016/1/11,512
2016/1/12,546
2016/1/13,651
2016/1/14,732
2016/1/15,730
2016/1/16,648
2016/1/17,535
2016/1/18,511
2016/1/19,608
2016/1/20,618
2016/1/21,628
2016/1/22,698
2016/1/23,719
2016/1/24,672
2016/1/25,740
2016/1/26,638
2016/1/27,669
2016/1/28,750
2016/1/29,744
2016/1/30,740
2016/1/31,663
2016/2/1,822
2016/2/2,611
2016/2/3,676
2016/2/4,667
2016/2/5,658
2016/2/6,694
2016/2/7,615
2016/2/8,567
2016/2/9,544
2016/2/10,565
2016/2/11,581
2016/2/12,642
2016/2/13,596
2016/2/14,513
2016/2/15,550
2016/2/16,622
2016/2/17,638
2016/2/18,680
2016/2/19,770
2016/2/20,700
2016/2/21,706
2016/2/22,637
2016/2/23,627
2016/2/24,577
2016/2/25,695
2016/2/26,736
2016/2/27,689
2016/2/28,621
2016/2/29,644
2016/3/1,786
2016/3/2,605
2016/3/3,613
2016/3/4,699
2016/3/5,696
2016/3/6,712
2016/3/7,791
2016/3/8,719
2016/3/9,674
2016/3/10,711
2016/3/11,730
2016/3/12,744
2016/3/13,626
2016/3/14,682
2016/3/15,708
2016/3/16,743
2016/3/17,734
2016/3/18,789
2016/3/19,697
2016/3/20,683
2016/3/21,697
2016/3/22,720
2016/3/23,683
2016/3/24,675
2016/3/25,714
2016/3/26,734
2016/3/27,629
2016/3/28,737
2016/3/29,736
2016/3/30,716
2016/3/31,753
2016/4/1,792
2016/4/2,649
2016/4/3,702
2016/4/4,655
2016/4/5,672
2016/4/6,658
2016/4/7,738
2016/4/8,620
2016/4/9,687
2016/4/10,702
2016/4/11,670
2016/4/12,695
2016/4/13,711
2016/4/14,689
2016/4/15,808
2016/4/16,731
2016/4/17,708
2016/4/18,735
2016/4/19,701
2016/4/20,682
2016/4/21,711
2016/4/22,727
2016/4/23,690
2016/4/24,747
2016/4/25,755
2016/4/26,689
2016/4/27,657
2016/4/28,731
2016/4/29,713
2016/4/30,601
2016/5/1,788
2016/5/2,753
2016/5/3,733
2016/5/4,677
2016/5/5,695
2016/5/6,794
2016/5/7,739
2016/5/8,726
2016/5/9,728
2016/5/10,708
2016/5/11,756
2016/5/12,686
2016/5/13,805
2016/5/14,717
2016/5/15,738
2016/5/16,782
2016/5/17,688
2016/5/18,799
2016/5/19,760
2016/5/20,802
2016/5/21,791
2016/5/22,749
2016/5/23,779
2016/5/24,801
2016/5/25,717
2016/5/26,766
2016/5/27,796
2016/5/28,791
2016/5/29,798
2016/5/30,817
2016/5/31,752
2016/6/1,886
2016/6/2,796
2016/6/3,817
2016/6/4,825
2016/6/5,777
2016/6/6,790
2016/6/7,753
2016/6/8,741
2016/6/9,723
2016/6/10,762
2016/6/11,814
2016/6/12,848
2016/6/13,792
2016/6/14,834
2016/6/15,779
2016/6/16,810
2016/6/17,822
2016/6/18,761
2016/6/19,807
2016/6/20,850
2016/6/21,822
2016/6/22,749
2016/6/23,797
2016/6/24,804
2016/6/25,810
2016/6/26,771
2016/6/27,767
2016/6/28,766
2016/6/29,802
2016/6/30,848
2016/7/1,935
2016/7/2,756
2016/7/3,779
2016/7/4,844
2016/7/5,893
2016/7/6,742
2016/7/7,784
2016/7/8,788
2016/7/9,725
2016/7/10,758
2016/7/11,699
2016/7/12,778
2016/7/13,725
2016/7/14,765
2016/7/15,840
2016/7/16,779
2016/7/17,785
2016/7/18,796
2016/7/19,789
2016/7/20,816
2016/7/21,782
2016/7/22,790
2016/7/23,810
2016/7/24,789
2016/7/25,825
2016/7/26,872
2016/7/27,794
2016/7/28,772
2016/7/29,801
2016/7/30,923
2016/7/31,813
2016/8/1,840
2016/8/2,786
2016/8/3,769
2016/8/4,789
2016/8/5,861
2016/8/6,825
2016/8/7,837
2016/8/8,800
2016/8/9,723
2016/8/10,719
2016/8/11,850
2016/8/12,744
2016/8/13,824
2016/8/14,841
2016/8/15,838
2016/8/16,813
2016/8/17,860
2016/8/18,763
2016/8/19,788
2016/8/20,841
2016/8/21,785
2016/8/22,721
2016/8/23,749
2016/8/24,822
2016/8/25,769
2016/8/26,801
2016/8/27,816
2016/8/28,805
2016/8/29,879
2016/8/30,755
2016/8/31,775
2016/9/1,982
2016/9/2,795
2016/9/3,826
2016/9/4,773
2016/9/5,819
2016/9/6,757
2016/9/7,715
2016/9/8,791
2016/9/9,818
2016/9/10,765
2016/9/11,754
2016/9/12,789
2016/9/13,784
2016/9/14,817
2016/9/15,820
2016/9/16,799
2016/9/17,832
2016/9/18,779
2016/9/19,710
2016/9/20,788
2016/9/21,730
2016/9/22,825
2016/9/23,840
2016/9/24,834
2016/9/25,809
2016/9/26,760
2016/9/27,730
2016/9/28,632
2016/9/29,701
2016/9/30,770
2016/10/1,810
2016/10/2,705
2016/10/3,768
2016/10/4,743
2016/10/5,801
2016/10/6,749
2016/10/7,859
2016/10/8,713
2016/10/9,681
2016/10/10,715
2016/10/11,693
2016/10/12,738
2016/10/13,690
2016/10/14,820
2016/10/15,817
2016/10/16,785
2016/10/17,815
2016/10/18,767
2016/10/19,709
2016/10/20,714
2016/10/21,757
2016/10/22,771
2016/10/23,783
2016/10/24,767
2016/10/25,733
2016/10/26,695
2016/10/27,729
2016/10/28,803
2016/10/29,830
2016/10/30,784
2016/10/31,863
2016/11/1,868
2016/11/2,744
2016/11/3,783
2016/11/4,782
2016/11/5,818
2016/11/6,753
2016/11/7,733
2016/11/8,639
2016/11/9,675
2016/11/10,714
2016/11/11,798
2016/11/12,778
2016/11/13,656
2016/11/14,667
2016/11/15,708
2016/11/16,767
2016/11/17,806
2016/11/18,793
2016/11/19,675
2016/11/20,659
2016/11/21,683
2016/11/22,717
2016/11/23,694
2016/11/24,534
2016/11/25,687
2016/11/26,717
2016/11/27,692
2016/11/28,693
2016/11/29,698
2016/11/30,695
2016/12/1,769
2016/12/2,827
2016/12/3,757
2016/12/4,591
2016/12/5,670
2016/12/6,686
2016/12/7,655
2016/12/8,603
2016/12/9,664
2016/12/10,610
2016/12/11,510
2016/12/12,624
2016/12/13,569
2016/12/14,603
2016/12/15,575
2016/12/16,686
2016/12/17,610
2016/12/18,524
2016/12/19,657
2016/12/20,689
2016/12/21,724
2016/12/22,701
2016/12/23,725
2016/12/24,602
2016/12/25,486
2016/12/26,643
2016/12/27,657
2016/12/28,719
2016/12/29,645
2016/12/30,741
2016/12/31,701
2017/1/1,951
2017/1/2,606
2017/1/3,711
2017/1/4,611
2017/1/5,603
2017/1/6,592
2017/1/7,616
2017/1/8,587
2017/1/9,705
2017/1/10,700
2017/1/11,657
2017/1/12,637
2017/1/13,798
2017/1/14,681
2017/1/15,652
2017/1/16,652
2017/1/17,697
2017/1/18,703
2017/1/19,733
2017/1/20,775
2017/1/21,783
2017/1/22,736
2017/1/23,783
2017/1/24,729
2017/1/25,744
2017/1/26,663
2017/1/27,774
2017/1/28,722
2017/1/29,630
2017/1/30,748
2017/1/31,718
2017/2/1,793
2017/2/2,668
2017/2/3,663
2017/2/4,635
2017/2/5,690
2017/2/6,757
2017/2/7,686
2017/2/8,662
2017/2/9,662
2017/2/10,736
2017/2/11,703
2017/2/12,674
2017/2/13,715
2017/2/14,709
2017/2/15,662
2017/2/16,664
2017/2/17,818
2017/2/18,741
2017/2/19,671
2017/2/20,708
2017/2/21,673
2017/2/22,698
2017/2/23,647
2017/2/24,654
2017/2/25,589
2017/2/26,569
2017/2/27,627
2017/2/28,618
2017/3/1,681
2017/3/2,618
2017/3/3,670
2017/3/4,631
2017/3/5,652
2017/3/6,678
2017/3/7,680
2017/3/8,664
2017/3/9,670
2017/3/10,656
2017/3/11,648
2017/3/12,544
2017/3/13,536
2017/3/14,461
2017/3/15,595
2017/3/16,656
2017/3/17,700
2017/3/18,670
2017/3/19,601
2017/3/20,690
2017/3/21,642
2017/3/22,645
2017/3/23,660
2017/3/24,775
2017/3/25,690
2017/3/26,698
2017/3/27,715
2017/3/28,667
2017/3/29,665
2017/3/30,680
2017/3/31,765
2017/4/1,763
2017/4/2,685
2017/4/3,681
2017/4/4,699
2017/4/5,629
2017/4/6,656
2017/4/7,693
2017/4/8,689
2017/4/9,756
2017/4/10,675
2017/4/11,697
2017/4/12,718
2017/4/13,661
2017/4/14,764
2017/4/15,808
2017/4/16,683
2017/4/17,737
2017/4/18,728
2017/4/19,748
2017/4/20,706
2017/4/21,811
2017/4/22,696
2017/4/23,699
2017/4/24,729
2017/4/25,751
2017/4/26,752
2017/4/27,707
2017/4/28,821
2017/4/29,609
2017/4/30,653
2017/5/1,776
2017/5/2,682
2017/5/3,733
2017/5/4,735
2017/5/5,775
2017/5/6,701
2017/5/7,630
2017/5/8,700
2017/5/9,704
2017/5/10,651
2017/5/11,725
2017/5/12,835
2017/5/13,718
2017/5/14,702
2017/5/15,861
2017/5/16,743
2017/5/17,823
2017/5/18,771
2017/5/19,769
2017/5/20,659
2017/5/21,787
2017/5/22,791
2017/5/23,721
2017/5/24,745
2017/5/25,750
2017/5/26,755
2017/5/27,797
2017/5/28,701
2017/5/29,764
2017/5/30,806
2017/5/31,728
2017/6/1,761
2017/6/2,827
2017/6/3,813
2017/6/4,813
2017/6/5,721
2017/6/6,809
2017/6/7,780
2017/6/8,762
2017/6/9,804
2017/6/10,773
2017/6/11,809
2017/6/12,727
2017/6/13,798
2017/6/14,748
2017/6/15,791
2017/6/16,819
2017/6/17,811
2017/6/18,779
2017/6/19,734
2017/6/20,787
2017/6/21,775
2017/6/22,810
2017/6/23,764
2017/6/24,811
2017/6/25,787
2017/6/26,771
2017/6/27,755
2017/6/28,690
2017/6/29,768
2017/6/30,757
2017/7/1,843
2017/7/2,776
2017/7/3,820
2017/7/4,789
2017/7/5,841
2017/7/6,763
2017/7/7,747
2017/7/8,746
2017/7/9,813
2017/7/10,761
2017/7/11,755
2017/7/12,677
2017/7/13,799
2017/7/14,776
2017/7/15,857
2017/7/16,809
2017/7/17,825
2017/7/18,778
2017/7/19,746
2017/7/20,736
2017/7/21,742
2017/7/22,740
2017/7/23,837
2017/7/24,772
2017/7/25,842
2017/7/26,731
2017/7/27,785
2017/7/28,835
2017/7/29,783
2017/7/30,809
2017/7/31,770
2017/8/1,856
2017/8/2,752
2017/8/3,834
2017/8/4,904
2017/8/5,914
2017/8/6,856
2017/8/7,756
2017/8/8,750
2017/8/9,748
2017/8/10,781
2017/8/11,755
2017/8/12,800
2017/8/13,726
2017/8/14,785
2017/8/15,763
2017/8/16,779
2017/8/17,744
2017/8/18,844
2017/8/19,873
2017/8/20,761
2017/8/21,731
2017/8/22,758
2017/8/23,728
2017/8/24,787
2017/8/25,741
2017/8/26,761
2017/8/27,743
2017/8/28,657
2017/8/29,701
2017/8/30,739
2017/8/31,680
2017/9/1,743
2017/9/2,715
2017/9/3,729
2017/9/4,692
2017/9/5,647
2017/9/6,617
2017/9/7,691
2017/9/8,666
2017/9/9,688
2017/9/10,705
2017/9/11,618
