dispatch_id,order_id,product_id,express_staff_id,storehouse_id,expect_time,dispatch_time
7,7,6,912,19,2017-05-04 02:23:46,2017-05-01 02:23:48
20,18,14,117,9,2017-05-04 05:59:25,2017-05-01 05:59:49
33,27,18,646,2,2017-05-04 07:42:17,2017-05-01 07:43:29
87,67,2,498,7,2017-05-04 18:14:34,2017-05-01 18:16:10
118,88,7,57,19,2017-05-05 00:41:42,2017-05-02 00:42:05
176,134,18,124,3,2017-05-05 13:43:10,2017-05-02 13:44:36
222,169,9,487,15,2017-05-05 21:32:09,2017-05-02 21:32:43
235,181,6,1139,20,2017-05-06 01:22:04,2017-05-03 01:22:18
298,231,4,1124,13,2017-05-06 16:21:21,2017-05-03 16:22:01
341,265,15,90,18,2017-05-06 22:57:20,2017-05-03 22:58:16
351,270,2,84,14,2017-05-07 00:14:36,2017-05-04 00:15:01
389,299,14,490,6,2017-05-07 13:41:32,2017-05-04 13:42:08
446,342,18,1042,15,2017-05-08 09:50:22,2017-05-05 09:51:09
470,362,15,58,17,2017-05-08 15:04:05,2017-05-05 15:05:37
503,386,17,89,5,2017-05-08 23:20:07,2017-05-05 23:20:43
1,1,10,663,11,2017-05-04 00:55:32,2017-05-01 00:56:42
2,2,7,485,16,2017-05-04 00:43:44,2017-05-01 00:44:09
3,3,17,421,2,2017-05-04 00:33:34,2017-05-01 00:35:11
4,4,16,78,6,2017-05-04 01:26:48,2017-05-01 01:27:15
5,5,12,1047,10,2017-05-04 01:13:54,2017-05-01 01:14:12
6,6,6,1125,19,2017-05-04 01:41:26,2017-05-01 01:41:42
7,7,5,912,19,2017-05-04 02:23:46,2017-05-01 02:23:48
8,10,15,784,24,2017-05-04 03:57:54,2017-05-01 03:57:55
9,12,13,389,21,2017-05-04 03:10:11,2017-05-01 03:10:43
10,13,4,92,18,2017-05-04 04:08:46,2017-05-01 04:09:11
11,8,7,642,22,2017-05-04 03:37:54,2017-05-01 03:38:57
12,9,10,842,17,2017-05-04 03:35:49,2017-05-01 03:36:54
13,11,6,1343,21,2017-05-04 04:01:03,2017-05-01 04:01:20
15,14,3,293,20,2017-05-04 04:58:10,2017-05-01 04:58:52
16,15,9,840,3,2017-05-04 04:38:28,2017-05-01 04:39:33
18,20,8,421,5,2017-05-04 05:47:25,2017-05-01 05:48:52
19,17,5,1151,17,2017-05-04 05:21:02,2017-05-01 05:22:00
20,18,13,117,9,2017-05-04 05:59:25,2017-05-01 05:59:49
21,19,8,1004,5,2017-05-04 05:48:44,2017-05-01 05:49:00
22,16,4,71,15,2017-05-04 05:17:45,2017-05-01 05:18:18
25,21,16,4,5,2017-05-04 06:31:24,2017-05-01 06:32:21
26,22,17,321,24,2017-05-04 06:27:54,2017-05-01 06:28:33
27,24,12,1166,21,2017-05-04 06:32:01,2017-05-01 06:32:23
28,23,8,1034,6,2017-05-04 06:59:02,2017-05-01 06:59:39
32,25,11,734,24,2017-05-04 08:01:30,2017-05-01 08:02:46
33,27,17,646,2,2017-05-04 07:42:17,2017-05-01 07:43:29
34,26,6,286,22,2017-05-04 07:09:19,2017-05-01 07:10:54
35,28,17,493,1,2017-05-04 08:37:49,2017-05-01 08:37:57
36,29,10,429,22,2017-05-04 08:50:34,2017-05-01 08:52:05
37,30,17,289,3,2017-05-04 08:17:13,2017-05-01 08:17:27
38,31,3,1310,17,2017-05-04 08:11:43,2017-05-01 08:11:45
39,32,5,750,6,2017-05-04 08:40:56,2017-05-01 08:42:10
40,33,7,179,9,2017-05-04 08:57:27,2017-05-01 08:58:51
42,34,16,1168,24,2017-05-04 09:53:28,2017-05-01 09:54:37
43,35,11,1152,15,2017-05-04 10:00:25,2017-05-01 10:01:17
44,36,6,1424,15,2017-05-04 09:54:12,2017-05-01 09:54:13
45,37,12,498,15,2017-05-04 09:13:49,2017-05-01 09:15:16
49,38,1,962,13,2017-05-04 10:25:16,2017-05-01 10:26:55
50,39,10,631,7,2017-05-04 12:02:57,2017-05-01 12:03:20
51,40,9,475,6,2017-05-04 11:52:38,2017-05-01 11:53:06
52,41,14,402,1,2017-05-04 11:34:32,2017-05-01 11:35:30
53,43,7,1031,20,2017-05-04 12:43:38,2017-05-01 12:45:15
54,45,1,1083,1,2017-05-04 12:56:35,2017-05-01 12:57:50
55,42,7,258,15,2017-05-04 13:00:14,2017-05-01 13:00:47
56,44,3,467,20,2017-05-04 12:18:26,2017-05-01 12:18:58
60,46,16,514,6,2017-05-04 13:30:42,2017-05-01 13:32:04
61,47,11,952,4,2017-05-04 13:41:32,2017-05-01 13:42:10
62,48,4,842,10,2017-05-04 13:33:21,2017-05-01 13:33:26
63,49,1,98,5,2017-05-04 13:58:53,2017-05-01 13:58:59
64,50,15,17,16,2017-05-04 13:25:35,2017-05-01 13:26:28
67,51,11,712,8,2017-05-04 14:53:37,2017-05-01 14:55:01
68,52,1,185,8,2017-05-04 14:36:52,2017-05-01 14:37:48
69,53,9,1319,15,2017-05-04 14:47:54,2017-05-01 14:48:19
70,54,4,445,5,2017-05-04 14:31:55,2017-05-01 14:33:13
74,55,1,1205,18,2017-05-04 15:52:25,2017-05-01 15:53:39
75,56,9,96,23,2017-05-04 15:59:18,2017-05-01 16:00:23
77,57,17,285,14,2017-05-04 17:08:47,2017-05-01 17:09:19
78,58,6,393,21,2017-05-04 16:54:47,2017-05-01 16:56:22
79,59,16,999,6,2017-05-04 16:39:06,2017-05-01 16:40:44
80,61,14,425,19,2017-05-04 17:10:31,2017-05-01 17:11:33
81,65,11,421,19,2017-05-04 17:45:53,2017-05-01 17:47:05
82,60,12,1182,6,2017-05-04 17:44:07,2017-05-01 17:45:27
83,62,4,864,8,2017-05-04 17:29:18,2017-05-01 17:30:18
84,63,11,1192,7,2017-05-04 17:27:40,2017-05-01 17:27:42
85,64,10,660,16,2017-05-04 17:52:06,2017-05-01 17:52:33
87,67,1,498,7,2017-05-04 18:14:34,2017-05-01 18:16:10
88,68,4,554,12,2017-05-04 18:44:51,2017-05-01 18:45:08
89,66,17,622,12,2017-05-04 18:08:32,2017-05-01 18:10:00
90,69,2,485,14,2017-05-04 18:46:42,2017-05-01 18:47:24
91,70,3,125,19,2017-05-04 18:26:54,2017-05-01 18:27:30
94,71,17,409,15,2017-05-04 19:36:53,2017-05-01 19:37:33
95,72,1,1345,14,2017-05-04 19:57:37,2017-05-01 19:59:10
96,73,3,684,5,2017-05-04 19:32:31,2017-05-01 19:32:36
97,74,14,719,22,2017-05-04 19:59:49,2017-05-01 19:59:51
101,76,14,1149,12,2017-05-04 20:15:52,2017-05-01 20:16:03
102,77,15,628,2,2017-05-04 20:24:35,2017-05-01 20:26:14
103,75,6,138,17,2017-05-04 20:31:46,2017-05-01 20:32:00
104,78,11,282,18,2017-05-04 22:01:15,2017-05-01 22:01:27
105,79,5,855,5,2017-05-04 21:55:26,2017-05-01 21:57:03
106,80,17,1018,8,2017-05-04 22:07:12,2017-05-01 22:08:03
107,81,2,466,7,2017-05-04 21:51:50,2017-05-01 21:52:07
111,82,5,546,11,2017-05-04 22:51:56,2017-05-01 22:52:29
112,83,14,195,16,2017-05-04 22:13:57,2017-05-01 22:14:32
113,84,8,1167,9,2017-05-04 22:22:00,2017-05-01 22:22:47
114,85,4,164,21,2017-05-04 23:03:49,2017-05-01 23:04:26
115,86,15,502,14,2017-05-05 00:09:03,2017-05-02 00:09:52
117,87,14,142,20,2017-05-05 00:55:49,2017-05-02 00:55:54
118,88,6,57,19,2017-05-05 00:41:42,2017-05-02 00:42:05
120,89,5,180,10,2017-05-05 01:26:37,2017-05-02 01:27:23
121,90,10,1162,14,2017-05-05 01:36:57,2017-05-02 01:38:28
122,91,14,705,23,2017-05-05 01:52:03,2017-05-02 01:52:55
123,92,6,753,21,2017-05-05 01:45:18,2017-05-02 01:45:51
124,93,7,1323,12,2017-05-05 01:14:30,2017-05-02 01:14:54
127,94,7,1182,3,2017-05-05 02:41:44,2017-05-02 02:42:34
128,95,10,210,1,2017-05-05 02:23:40,2017-05-02 02:23:49
130,96,6,1091,3,2017-05-05 03:59:37,2017-05-02 04:00:16
131,97,1,497,23,2017-05-05 04:32:27,2017-05-02 04:33:15
132,98,1,276,22,2017-05-05 04:51:15,2017-05-02 04:52:08
134,99,4,93,5,2017-05-05 05:16:11,2017-05-02 05:17:11
135,100,13,258,19,2017-05-05 05:03:35,2017-05-02 05:05:10
136,103,3,57,22,2017-05-05 05:40:05,2017-05-02 05:40:44
137,104,9,284,23,2017-05-05 05:52:47,2017-05-02 05:53:23
138,105,6,268,11,2017-05-05 05:29:57,2017-05-02 05:31:32
139,101,17,1207,21,2017-05-05 05:14:17,2017-05-02 05:15:53
140,102,6,753,2,2017-05-05 05:09:19,2017-05-02 05:09:41
141,106,12,840,5,2017-05-05 07:07:03,2017-05-02 07:07:51
142,107,4,264,13,2017-05-05 06:40:53,2017-05-02 06:41:11
143,108,5,635,11,2017-05-05 06:43:18,2017-05-02 06:44:19
144,109,6,791,17,2017-05-05 08:44:33,2017-05-02 08:45:58
145,110,9,503,7,2017-05-05 08:52:22,2017-05-02 08:53:40
146,111,8,1028,23,2017-05-05 09:01:10,2017-05-02 09:01:39
147,112,12,93,15,2017-05-05 10:10:30,2017-05-02 10:11:10
148,113,12,504,6,2017-05-05 10:12:07,2017-05-02 10:12:37
150,115,2,249,2,2017-05-05 11:13:11,2017-05-02 11:13:38
151,114,3,1015,11,2017-05-05 10:34:18,2017-05-02 10:35:53
153,117,14,1168,2,2017-05-05 11:18:30,2017-05-02 11:19:02
154,119,13,287,20,2017-05-05 11:31:16,2017-05-02 11:31:29
155,123,4,408,19,2017-05-05 11:23:22,2017-05-02 11:24:02
156,124,3,836,20,2017-05-05 11:11:39,2017-05-02 11:12:34
157,116,10,437,20,2017-05-05 11:11:45,2017-05-02 11:12:33
158,118,10,388,9,2017-05-05 11:08:15,2017-05-02 11:08:22
159,120,9,1095,19,2017-05-05 11:43:52,2017-05-02 11:44:53
160,121,2,790,19,2017-05-05 11:36:35,2017-05-02 11:37:06
161,122,6,1183,18,2017-05-05 11:38:45,2017-05-02 11:39:20
168,125,4,129,20,2017-05-05 13:08:14,2017-05-02 13:09:13
169,126,15,574,7,2017-05-05 13:03:50,2017-05-02 13:04:18
170,127,6,864,4,2017-05-05 12:06:34,2017-05-02 12:06:54
171,128,2,280,4,2017-05-05 12:54:22,2017-05-02 12:54:24
172,129,6,281,4,2017-05-05 12:51:13,2017-05-02 12:52:32
173,130,17,1123,12,2017-05-05 12:41:45,2017-05-02 12:41:59
175,133,1,833,24,2017-05-05 13:41:19,2017-05-02 13:41:33
176,134,17,124,3,2017-05-05 13:43:10,2017-05-02 13:44:36
177,131,12,259,4,2017-05-05 13:22:31,2017-05-02 13:23:12
178,132,7,301,20,2017-05-05 13:44:15,2017-05-02 13:44:42
179,135,16,952,18,2017-05-05 13:44:08,2017-05-02 13:44:57
180,136,9,617,21,2017-05-05 13:42:07,2017-05-02 13:43:16
182,137,9,657,12,2017-05-05 14:12:53,2017-05-02 14:13:57
183,138,13,298,20,2017-05-05 14:33:29,2017-05-02 14:34:28
185,140,8,149,21,2017-05-05 16:01:59,2017-05-02 16:03:16
186,143,7,734,5,2017-05-05 15:48:47,2017-05-02 15:49:01
187,144,2,292,23,2017-05-05 15:44:19,2017-05-02 15:44:27
188,145,8,604,8,2017-05-05 16:01:13,2017-05-02 16:02:35
189,139,10,96,17,2017-05-05 15:25:29,2017-05-02 15:25:59
190,141,3,708,23,2017-05-05 15:59:34,2017-05-02 16:00:58
191,142,15,438,5,2017-05-05 15:16:46,2017-05-02 15:17:06
192,149,12,516,6,2017-05-05 16:31:05,2017-05-02 16:32:32
193,146,15,1169,18,2017-05-05 16:32:12,2017-05-02 16:33:51
194,147,10,164,23,2017-05-05 16:58:48,2017-05-02 17:00:05
195,148,10,317,8,2017-05-05 16:32:27,2017-05-02 16:33:54
196,150,1,1195,22,2017-05-05 16:49:32,2017-05-02 16:50:18
199,151,11,98,5,2017-05-05 17:20:29,2017-05-02 17:20:38
200,157,2,558,7,2017-05-05 18:23:26,2017-05-02 18:24:11
201,152,15,743,8,2017-05-05 18:46:27,2017-05-02 18:47:00
202,153,4,691,16,2017-05-05 18:34:18,2017-05-02 18:35:35
203,154,11,255,1,2017-05-05 18:14:47,2017-05-02 18:16:25
204,155,11,84,5,2017-05-05 18:57:39,2017-05-02 18:58:20
205,156,8,95,15,2017-05-05 18:49:39,2017-05-02 18:49:40
206,158,3,1161,24,2017-05-05 18:14:16,2017-05-02 18:15:56
207,160,6,1168,3,2017-05-05 19:11:47,2017-05-02 19:12:09
208,162,10,1006,21,2017-05-05 19:13:23,2017-05-02 19:14:29
209,159,13,1168,3,2017-05-05 19:29:55,2017-05-02 19:31:32
210,161,17,1406,21,2017-05-05 19:58:16,2017-05-02 19:59:38
211,163,1,620,14,2017-05-05 20:11:22,2017-05-02 20:12:53
214,165,16,266,19,2017-05-05 21:04:05,2017-05-02 21:04:22
215,166,13,81,13,2017-05-05 20:17:47,2017-05-02 20:17:56
216,167,5,291,12,2017-05-05 20:10:03,2017-05-02 20:10:09
217,164,13,92,17,2017-05-05 20:28:11,2017-05-02 20:29:01
221,168,15,494,15,2017-05-05 21:52:40,2017-05-02 21:53:08
222,169,8,487,15,2017-05-05 21:32:09,2017-05-02 21:32:43
224,170,15,1314,9,2017-05-05 22:23:45,2017-05-02 22:25:01
225,171,2,47,9,2017-05-05 22:34:07,2017-05-02 22:34:48
226,172,16,95,19,2017-05-05 22:36:57,2017-05-02 22:38:06
227,173,4,70,14,2017-05-05 23:55:44,2017-05-02 23:55:59
228,175,16,970,18,2017-05-06 00:51:37,2017-05-03 00:52:44
229,176,15,1122,6,2017-05-06 01:08:18,2017-05-03 01:08:20
230,174,9,44,3,2017-05-06 00:43:41,2017-05-03 00:44:26
231,177,11,340,15,2017-05-06 01:35:00,2017-05-03 01:36:29
232,178,5,93,5,2017-05-06 01:14:22,2017-05-03 01:14:30
233,179,9,631,2,2017-05-06 01:48:49,2017-05-03 01:49:44
234,180,4,1168,18,2017-05-06 01:17:47,2017-05-03 01:19:20
235,181,5,1139,20,2017-05-06 01:22:04,2017-05-03 01:22:18
238,183,1,93,9,2017-05-06 02:48:06,2017-05-03 02:48:14
239,182,15,1160,14,2017-05-06 02:37:26,2017-05-03 02:37:42
240,184,11,708,14,2017-05-06 02:36:56,2017-05-03 02:36:59
241,185,16,209,14,2017-05-06 03:52:04,2017-05-03 03:52:14
242,186,3,47,16,2017-05-06 03:59:25,2017-05-03 04:00:43
244,187,3,549,23,2017-05-06 04:16:17,2017-05-03 04:17:06
245,188,4,161,3,2017-05-06 04:15:36,2017-05-03 04:16:33
246,189,3,1092,9,2017-05-06 04:48:26,2017-05-03 04:49:25
247,194,12,332,7,2017-05-06 05:42:59,2017-05-03 05:44:12
248,191,2,503,4,2017-05-06 06:12:00,2017-05-03 06:12:02
249,193,14,789,5,2017-05-06 06:06:26,2017-05-03 06:08:06
250,190,12,2,7,2017-05-06 05:47:59,2017-05-03 05:48:21
251,192,12,510,10,2017-05-06 05:46:29,2017-05-03 05:47:35
254,196,11,332,15,2017-05-06 06:17:54,2017-05-03 06:19:13
255,195,17,111,11,2017-05-06 06:34:41,2017-05-03 06:35:56
257,197,14,1034,20,2017-05-06 07:56:25,2017-05-03 07:56:42
258,198,17,1389,11,2017-05-06 07:57:13,2017-05-03 07:58:14
271,208,17,748,18,2017-05-06 11:00:16,2017-05-03 11:01:19
273,209,7,89,18,2017-05-06 11:51:35,2017-05-03 11:52:35
274,210,13,72,13,2017-05-06 11:31:23,2017-05-03 11:32:42
275,211,10,774,17,2017-05-06 11:09:22,2017-05-03 11:10:29
276,217,2,248,10,2017-05-06 12:39:02,2017-05-03 12:40:05
277,213,14,787,1,2017-05-06 12:14:28,2017-05-03 12:15:13
278,214,5,1125,12,2017-05-06 12:37:04,2017-05-03 12:38:20
279,216,14,476,19,2017-05-06 12:43:00,2017-05-03 12:43:27
280,212,9,745,8,2017-05-06 12:57:12,2017-05-03 12:58:28
281,215,1,1091,6,2017-05-06 12:17:46,2017-05-03 12:18:46
283,218,16,1028,11,2017-05-06 13:48:09,2017-05-03 13:48:31
284,220,6,266,15,2017-05-06 13:34:42,2017-05-03 13:35:59
285,219,14,1125,23,2017-05-06 13:40:32,2017-05-03 13:41:19
286,222,13,293,11,2017-05-06 15:10:48,2017-05-03 15:11:29
287,225,10,620,10,2017-05-06 14:14:52,2017-05-03 14:14:58
288,221,4,662,19,2017-05-06 14:56:24,2017-05-03 14:57:08
289,223,14,267,9,2017-05-06 14:19:04,2017-05-03 14:19:38
290,224,14,96,12,2017-05-06 14:38:31,2017-05-03 14:39:31
293,226,3,1272,23,2017-05-06 15:49:12,2017-05-03 15:50:46
294,228,15,301,11,2017-05-06 15:43:18,2017-05-03 15:43:24
295,227,9,1025,22,2017-05-06 15:05:40,2017-05-03 15:06:00
296,229,17,1140,12,2017-05-06 17:02:59,2017-05-03 17:03:03
297,234,1,570,22,2017-05-06 16:26:20,2017-05-03 16:27:37
298,231,3,1124,13,2017-05-06 16:21:21,2017-05-03 16:22:01
299,233,17,1168,14,2017-05-06 16:10:12,2017-05-03 16:11:42
300,230,17,294,10,2017-05-06 16:38:20,2017-05-03 16:39:34
301,232,9,1125,13,2017-05-06 16:05:55,2017-05-03 16:07:02
302,235,5,92,19,2017-05-06 16:46:35,2017-05-03 16:48:04
303,238,17,469,16,2017-05-06 17:21:05,2017-05-03 17:22:38
304,236,15,836,5,2017-05-06 17:20:18,2017-05-03 17:20:51
305,237,14,145,20,2017-05-06 18:07:15,2017-05-03 18:07:26
306,239,12,1324,13,2017-05-06 17:33:59,2017-05-03 17:34:36
310,247,14,365,6,2017-05-06 18:44:42,2017-05-03 18:46:20
311,240,3,1193,19,2017-05-06 18:48:55,2017-05-03 18:50:32
312,243,10,376,5,2017-05-06 18:57:01,2017-05-03 18:57:30
313,245,10,99,22,2017-05-06 18:45:04,2017-05-03 18:46:44
314,249,3,424,3,2017-05-06 18:27:25,2017-05-03 18:28:52
315,241,7,92,8,2017-05-06 19:00:10,2017-05-03 19:00:50
316,242,8,617,19,2017-05-06 18:19:00,2017-05-03 18:19:34
317,244,10,497,23,2017-05-06 18:15:44,2017-05-03 18:17:17
318,246,15,299,8,2017-05-06 18:38:01,2017-05-03 18:38:58
319,248,3,47,15,2017-05-06 19:06:07,2017-05-03 19:07:27
325,250,9,95,16,2017-05-06 19:41:20,2017-05-03 19:42:51
326,251,1,1030,15,2017-05-06 19:10:24,2017-05-03 19:11:16
328,252,13,96,4,2017-05-06 20:15:52,2017-05-03 20:17:21
329,253,11,1269,14,2017-05-06 20:30:50,2017-05-03 20:31:50
330,254,17,276,2,2017-05-06 20:34:21,2017-05-03 20:35:21
331,256,7,47,20,2017-05-06 20:25:41,2017-05-03 20:26:51
332,257,9,1125,17,2017-05-06 20:36:33,2017-05-03 20:38:12
333,255,12,694,10,2017-05-06 21:09:17,2017-05-03 21:10:21
335,258,13,1046,10,2017-05-06 21:14:02,2017-05-03 21:14:43
336,259,10,1124,19,2017-05-06 21:57:26,2017-05-03 21:58:10
337,260,14,760,2,2017-05-06 21:44:36,2017-05-03 21:45:46
338,262,7,1343,23,2017-05-06 22:31:17,2017-05-03 22:32:12
339,263,13,1304,22,2017-05-06 22:23:20,2017-05-03 22:24:56
340,261,7,1169,10,2017-05-06 22:13:33,2017-05-03 22:14:22
341,265,14,90,18,2017-05-06 22:57:20,2017-05-03 22:58:16
342,264,17,334,3,2017-05-06 22:12:52,2017-05-03 22:13:29
345,267,14,1150,9,2017-05-06 23:38:29,2017-05-03 23:39:27
346,268,15,666,22,2017-05-07 00:01:25,2017-05-04 00:02:07
347,266,7,782,11,2017-05-06 23:23:57,2017-05-03 23:25:32
348,271,7,865,11,2017-05-07 00:34:05,2017-05-04 00:34:50
349,269,12,755,5,2017-05-07 00:38:33,2017-05-04 00:39:55
350,272,15,1182,21,2017-05-07 00:50:34,2017-05-04 00:50:46
351,270,1,84,14,2017-05-07 00:14:36,2017-05-04 00:15:01
355,273,16,491,23,2017-05-07 01:51:16,2017-05-04 01:51:40
356,274,17,43,2,2017-05-07 01:16:56,2017-05-04 01:18:30
358,275,10,421,17,2017-05-07 02:08:34,2017-05-04 02:09:28
359,276,12,774,7,2017-05-07 02:47:30,2017-05-04 02:49:01
361,278,7,94,14,2017-05-07 03:49:04,2017-05-04 03:49:28
362,277,10,255,10,2017-05-07 03:21:48,2017-05-04 03:22:21
364,279,11,78,18,2017-05-07 05:11:17,2017-05-04 05:11:18
365,280,5,259,12,2017-05-07 04:33:21,2017-05-04 04:34:58
367,281,14,1018,6,2017-05-07 05:43:35,2017-05-04 05:44:50
368,282,11,1169,22,2017-05-07 05:28:46,2017-05-04 05:29:00
369,283,14,843,7,2017-05-07 05:49:42,2017-05-04 05:50:30
370,284,11,252,23,2017-05-07 06:14:28,2017-05-04 06:15:26
371,285,7,1195,21,2017-05-07 07:51:41,2017-05-04 07:52:37
372,287,3,254,13,2017-05-07 07:52:52,2017-05-04 07:54:19
373,286,12,450,13,2017-05-07 08:01:27,2017-05-04 08:02:24
374,289,13,500,14,2017-05-07 08:20:17,2017-05-04 08:21:14
375,293,10,46,12,2017-05-07 08:18:43,2017-05-04 08:20:06
376,291,2,887,3,2017-05-07 08:30:48,2017-05-04 08:32:07
377,288,9,426,17,2017-05-07 08:22:48,2017-05-04 08:23:17
378,290,5,1366,10,2017-05-07 08:34:14,2017-05-04 08:34:51
379,292,10,915,9,2017-05-07 08:09:35,2017-05-04 08:10:33
381,294,14,1031,13,2017-05-07 09:52:21,2017-05-04 09:52:51
382,295,12,895,9,2017-05-07 11:16:11,2017-05-04 11:17:10
383,296,16,753,1,2017-05-07 11:41:14,2017-05-04 11:42:32
385,297,16,189,2,2017-05-07 12:52:17,2017-05-04 12:53:10
386,298,3,691,23,2017-05-07 12:46:57,2017-05-04 12:48:37
388,300,3,1169,11,2017-05-07 13:16:37,2017-05-04 13:17:42
389,299,13,490,6,2017-05-07 13:41:32,2017-05-04 13:42:08
391,301,8,269,17,2017-05-07 14:13:48,2017-05-04 14:14:10
392,302,12,266,17,2017-05-07 14:30:46,2017-05-04 14:31:35
393,303,14,1348,3,2017-05-07 14:58:07,2017-05-04 14:58:43
394,304,6,96,17,2017-05-07 14:12:38,2017-05-04 14:13:27
398,306,1,95,22,2017-05-07 16:10:29,2017-05-04 16:11:34
399,305,16,495,3,2017-05-07 15:56:49,2017-05-04 15:57:48
400,307,15,93,22,2017-05-07 15:35:14,2017-05-04 15:36:39
401,308,8,45,19,2017-05-07 16:03:50,2017-05-04 16:05:24
405,309,10,1169,23,2017-05-07 16:22:45,2017-05-04 16:24:02
406,310,17,92,2,2017-05-07 17:13:31,2017-05-04 17:14:00
407,311,6,3,5,2017-05-07 17:40:52,2017-05-04 17:41:31
408,312,6,180,13,2017-05-07 17:23:17,2017-05-04 17:24:17
409,313,15,248,11,2017-05-07 18:57:22,2017-05-04 18:57:44
410,315,14,377,20,2017-05-07 19:32:25,2017-05-04 19:33:47
411,314,13,913,15,2017-05-07 19:51:28,2017-05-04 19:51:53
413,316,5,588,20,2017-05-07 20:54:42,2017-05-04 20:54:49
414,317,2,104,13,2017-05-07 20:57:31,2017-05-04 20:58:42
416,318,3,89,24,2017-05-07 22:58:42,2017-05-04 22:59:11
417,320,2,621,4,2017-05-07 23:28:39,2017-05-04 23:29:31
418,319,6,267,1,2017-05-07 23:36:30,2017-05-04 23:36:42
420,322,2,607,13,2017-05-08 00:12:19,2017-05-05 00:12:42
421,321,8,427,11,2017-05-08 00:28:20,2017-05-05 00:29:18
422,323,1,1007,21,2017-05-08 00:43:07,2017-05-05 00:44:23
423,324,11,194,16,2017-05-08 02:58:57,2017-05-05 02:59:13
424,325,8,200,21,2017-05-08 04:04:36,2017-05-05 04:05:01
425,326,5,508,22,2017-05-08 04:09:38,2017-05-05 04:10:57
426,327,17,99,10,2017-05-08 03:24:02,2017-05-05 03:25:00
427,328,3,390,1,2017-05-08 04:21:17,2017-05-05 04:21:56
428,329,5,90,2,2017-05-08 04:27:57,2017-05-05 04:28:53
430,332,12,495,2,2017-05-08 06:23:57,2017-05-05 06:23:58
431,330,1,644,23,2017-05-08 06:54:04,2017-05-05 06:54:11
432,331,10,621,17,2017-05-08 06:09:58,2017-05-05 06:11:27
433,333,17,115,17,2017-05-08 07:31:20,2017-05-05 07:32:11
434,334,2,277,9,2017-05-08 07:36:25,2017-05-05 07:36:32
435,335,16,1155,3,2017-05-08 07:50:15,2017-05-05 07:51:18
436,338,7,103,7,2017-05-08 08:46:12,2017-05-05 08:47:01
437,340,10,691,20,2017-05-08 09:01:27,2017-05-05 09:02:51
438,336,17,293,2,2017-05-08 09:02:21,2017-05-05 09:03:00
439,337,15,1008,13,2017-05-08 08:30:10,2017-05-05 08:31:03
440,339,5,4,9,2017-05-08 08:51:42,2017-05-05 08:53:17
443,343,3,487,15,2017-05-08 09:42:53,2017-05-05 09:43:32
444,344,11,746,9,2017-05-08 09:58:38,2017-05-05 10:00:10
445,341,15,620,11,2017-05-08 09:57:45,2017-05-05 09:57:51
446,342,17,1042,15,2017-05-08 09:50:22,2017-05-05 09:51:09
450,346,15,1114,9,2017-05-08 10:08:04,2017-05-05 10:08:08
451,345,14,1402,23,2017-05-08 10:10:40,2017-05-05 10:11:12
453,347,3,291,12,2017-05-08 12:01:01,2017-05-05 12:02:35
454,348,11,28,1,2017-05-08 12:42:20,2017-05-05 12:42:37
455,350,10,365,6,2017-05-08 12:24:42,2017-05-05 12:25:13
456,349,15,530,11,2017-05-08 13:09:24,2017-05-05 13:09:39
457,351,3,581,1,2017-05-08 12:43:55,2017-05-05 12:45:02
458,352,1,223,21,2017-05-08 13:10:05,2017-05-05 13:11:24
459,353,13,92,23,2017-05-08 12:53:31,2017-05-05 12:54:00
461,355,7,491,16,2017-05-08 13:13:16,2017-05-05 13:14:32
462,354,2,564,5,2017-05-08 13:37:39,2017-05-05 13:38:37
464,357,5,1182,21,2017-05-08 15:04:32,2017-05-05 15:05:55
465,361,11,116,8,2017-05-08 14:20:40,2017-05-05 14:20:50
466,356,11,452,10,2017-05-08 14:19:36,2017-05-05 14:20:21
467,358,16,422,13,2017-05-08 14:38:30,2017-05-05 14:39:34
468,359,2,865,3,2017-05-08 14:14:27,2017-05-05 14:15:52
469,360,8,1150,9,2017-05-08 15:03:51,2017-05-05 15:03:53
470,362,14,58,17,2017-05-08 15:04:05,2017-05-05 15:05:37
471,363,14,551,11,2017-05-08 15:24:26,2017-05-05 15:25:56
472,366,8,286,13,2017-05-08 16:08:33,2017-05-05 16:09:31
473,364,17,1131,11,2017-05-08 15:11:03,2017-05-05 15:11:17
474,365,7,304,19,2017-05-08 15:40:24,2017-05-05 15:40:58
478,367,1,768,22,2017-05-08 17:56:11,2017-05-05 17:56:27
479,368,4,205,20,2017-05-08 18:13:43,2017-05-05 18:14:17
480,369,3,149,19,2017-05-08 17:24:15,2017-05-05 17:25:23
481,370,4,1251,10,2017-05-08 18:44:07,2017-05-05 18:45:29
482,371,3,418,3,2017-05-08 18:42:41,2017-05-05 18:43:52
484,372,11,286,1,2017-05-08 19:40:37,2017-05-05 19:40:44
485,373,2,276,24,2017-05-08 19:14:08,2017-05-05 19:14:59
486,374,17,665,13,2017-05-08 19:43:19,2017-05-05 19:44:10
487,375,15,285,2,2017-05-08 19:50:13,2017-05-05 19:50:20
491,376,12,203,23,2017-05-08 21:04:16,2017-05-05 21:05:35
492,377,3,408,10,2017-05-08 20:33:14,2017-05-05 20:34:28
493,378,11,47,22,2017-05-08 20:59:13,2017-05-05 21:00:39
494,379,15,788,2,2017-05-08 21:20:18,2017-05-05 21:20:30
495,380,14,105,9,2017-05-08 23:07:14,2017-05-05 23:07:27
496,381,12,115,10,2017-05-08 23:00:13,2017-05-05 23:01:22
497,382,17,1371,13,2017-05-08 22:50:17,2017-05-05 22:51:05
498,383,1,1030,8,2017-05-08 22:33:26,2017-05-05 22:34:03
499,384,8,12,3,2017-05-08 22:57:50,2017-05-05 22:58:56
502,385,13,443,3,2017-05-08 23:43:27,2017-05-05 23:43:48
503,386,16,89,5,2017-05-08 23:20:07,2017-05-05 23:20:43
504,387,3,1043,20,2017-05-08 23:24:00,2017-05-05 23:25:08
505,389,5,318,5,2017-05-09 00:38:59,2017-05-06 00:39:15
506,391,5,280,7,2017-05-09 01:04:52,2017-05-06 01:06:10
507,392,10,297,19,2017-05-09 00:25:58,2017-05-06 00:27:34
508,394,15,1168,13,2017-05-09 00:20:14,2017-05-06 00:20:37
509,388,15,1326,6,2017-05-09 00:19:49,2017-05-06 00:20:28
510,390,5,499,11,2017-05-09 00:50:44,2017-05-06 00:52:18
511,393,3,1114,16,2017-05-09 00:41:10,2017-05-06 00:41:37
512,395,14,502,16,2017-05-09 01:31:24,2017-05-06 01:32:57
513,396,9,423,11,2017-05-09 01:41:32,2017-05-06 01:41:58
514,397,10,622,19,2017-05-09 01:08:41,2017-05-06 01:08:53
515,400,14,1125,2,2017-05-09 02:13:22,2017-05-06 02:14:55
516,399,14,1169,9,2017-05-09 02:57:47,2017-05-06 02:59:23
517,402,12,1201,9,2017-05-09 02:52:34,2017-05-06 02:52:42
518,398,14,59,15,2017-05-09 02:53:14,2017-05-06 02:53:58
519,401,7,594,9,2017-05-09 02:19:03,2017-05-06 02:19:45
522,406,15,466,8,2017-05-09 04:36:56,2017-05-06 04:37:22
523,405,11,277,13,2017-05-09 05:08:36,2017-05-06 05:08:50
524,403,2,560,22,2017-05-09 04:01:49,2017-05-06 04:02:37
525,404,9,497,4,2017-05-09 04:39:31,2017-05-06 04:40:46
529,407,12,409,6,2017-05-09 05:15:09,2017-05-06 05:15:45
530,409,16,698,3,2017-05-09 05:46:01,2017-05-06 05:47:11
531,410,8,906,22,2017-05-09 05:25:59,2017-05-06 05:26:00
532,408,3,86,8,2017-05-09 05:10:23,2017-05-06 05:10:26
536,412,5,472,17,2017-05-09 06:24:55,2017-05-06 06:25:19
537,411,8,287,16,2017-05-09 06:23:58,2017-05-06 06:25:19
538,413,3,84,15,2017-05-09 06:57:51,2017-05-06 06:58:27
539,414,7,491,6,2017-05-09 07:23:51,2017-05-06 07:25:04
540,415,12,529,13,2017-05-09 07:42:08,2017-05-06 07:43:15
541,416,12,766,18,2017-05-09 07:21:56,2017-05-06 07:23:11
542,420,2,1012,19,2017-05-09 08:48:50,2017-05-06 08:49:09
543,417,7,256,8,2017-05-09 08:36:09,2017-05-06 08:37:01
544,418,2,302,17,2017-05-09 08:51:24,2017-05-06 08:52:30
545,419,14,96,23,2017-05-09 09:02:05,2017-05-06 09:03:15
549,421,9,101,8,2017-05-09 09:32:29,2017-05-06 09:34:06
550,422,13,1192,7,2017-05-09 09:14:15,2017-05-06 09:15:10
552,423,7,750,15,2017-05-09 10:38:45,2017-05-06 10:39:20
553,427,4,1391,12,2017-05-09 12:10:51,2017-05-06 12:12:25
554,429,4,437,19,2017-05-09 12:11:27,2017-05-06 12:12:12
555,424,10,586,16,2017-05-09 11:49:43,2017-05-06 11:50:09
556,426,15,353,12,2017-05-09 11:03:11,2017-05-06 11:04:02
557,431,9,265,16,2017-05-09 11:20:33,2017-05-06 11:21:03
558,425,13,1159,17,2017-05-09 11:43:59,2017-05-06 11:44:24
559,428,17,516,15,2017-05-09 11:22:54,2017-05-06 11:23:20
560,430,13,179,20,2017-05-09 11:26:12,2017-05-06 11:26:38
568,433,2,200,15,2017-05-09 12:10:44,2017-05-06 12:11:45
569,432,4,200,15,2017-05-09 12:46:38,2017-05-06 12:47:13
571,434,10,208,23,2017-05-09 13:38:34,2017-05-06 13:38:48
572,435,1,1137,19,2017-05-09 13:29:59,2017-05-06 13:30:17
573,436,15,1217,6,2017-05-09 13:57:14,2017-05-06 13:57:43
574,437,10,320,3,2017-05-09 15:02:42,2017-05-06 15:03:49
575,438,10,1150,8,2017-05-09 14:46:29,2017-05-06 14:47:01
577,441,14,190,3,2017-05-09 16:00:33,2017-05-06 16:01:43
578,442,6,101,3,2017-05-09 15:47:32,2017-05-06 15:48:42
579,439,15,700,17,2017-05-09 15:32:22,2017-05-06 15:33:10
580,440,8,504,2,2017-05-09 15:19:12,2017-05-06 15:19:51
584,443,10,1206,5,2017-05-09 16:35:36,2017-05-06 16:37:11
585,444,7,836,18,2017-05-09 16:48:08,2017-05-06 16:48:44
586,445,4,1168,18,2017-05-09 16:58:03,2017-05-06 16:58:45
587,447,8,16,23,2017-05-09 16:13:03,2017-05-06 16:14:05
588,448,4,294,12,2017-05-09 16:30:44,2017-05-06 16:30:54
589,446,10,458,13,2017-05-09 16:57:41,2017-05-06 16:58:14
591,451,1,729,16,2017-05-09 17:08:24,2017-05-06 17:09:10
592,450,10,1162,10,2017-05-09 18:15:37,2017-05-06 18:16:28
593,452,9,297,16,2017-05-09 17:09:59,2017-05-06 17:10:30
594,449,8,127,11,2017-05-09 17:56:03,2017-05-06 17:56:32
598,453,6,602,18,2017-05-09 18:39:12,2017-05-06 18:39:57
599,454,1,587,16,2017-05-09 18:44:35,2017-05-06 18:45:55
600,455,5,1203,22,2017-05-09 18:46:22,2017-05-06 18:47:07
601,456,7,96,19,2017-05-09 19:55:05,2017-05-06 19:55:47
602,457,6,727,15,2017-05-09 19:55:47,2017-05-06 19:57:20
603,458,5,1214,10,2017-05-09 19:37:18,2017-05-06 19:37:53
604,459,6,586,23,2017-05-09 21:49:10,2017-05-06 21:50:09
605,460,10,315,15,2017-05-09 21:07:31,2017-05-06 21:08:24
606,461,11,220,21,2017-05-09 21:49:14,2017-05-06 21:50:30
607,462,5,176,8,2017-05-09 22:13:01,2017-05-06 22:14:33
608,463,1,47,6,2017-05-09 23:03:53,2017-05-06 23:04:07
609,467,8,642,21,2017-05-09 22:47:59,2017-05-06 22:49:24
610,468,6,458,23,2017-05-09 22:18:42,2017-05-06 22:19:16
611,464,14,709,19,2017-05-09 22:43:21,2017-05-06 22:43:25
612,465,17,643,21,2017-05-09 22:43:51,2017-05-06 22:44:54
613,466,13,642,21,2017-05-09 22:25:57,2017-05-06 22:27:33
614,469,3,98,3,2017-05-10 00:01:05,2017-05-07 00:02:07
615,471,8,660,15,2017-05-10 00:13:13,2017-05-07 00:14:14
616,473,13,685,14,2017-05-10 00:13:27,2017-05-07 00:13:47
617,470,1,500,2,2017-05-10 00:55:13,2017-05-07 00:56:25
618,472,17,502,2,2017-05-10 00:56:42,2017-05-07 00:57:34
622,474,12,507,7,2017-05-10 01:36:51,2017-05-07 01:37:40
623,475,12,621,19,2017-05-10 01:47:15,2017-05-07 01:47:23
624,476,6,281,19,2017-05-10 01:34:28,2017-05-07 01:34:35
625,477,8,90,23,2017-05-10 01:49:29,2017-05-07 01:50:02
629,478,1,1126,9,2017-05-10 02:46:48,2017-05-07 02:47:05
630,479,16,1045,9,2017-05-10 02:30:29,2017-05-07 02:31:59
631,480,9,621,5,2017-05-10 02:17:45,2017-05-07 02:18:19
632,481,12,753,9,2017-05-10 02:52:26,2017-05-07 02:53:44
636,483,10,104,11,2017-05-10 03:47:11,2017-05-07 03:48:40
637,482,15,407,7,2017-05-10 03:07:42,2017-05-07 03:08:18
638,484,11,130,7,2017-05-10 04:01:38,2017-05-07 04:02:31
639,486,3,1152,15,2017-05-10 04:34:22,2017-05-07 04:34:40
640,489,1,1318,12,2017-05-10 04:26:12,2017-05-07 04:26:37
641,485,5,427,24,2017-05-10 04:54:14,2017-05-07 04:55:16
642,487,13,1156,23,2017-05-10 04:44:28,2017-05-07 04:44:39
643,488,8,384,5,2017-05-10 04:51:56,2017-05-07 04:52:49
646,496,11,288,5,2017-05-10 05:46:05,2017-05-07 05:46:26
647,491,15,514,20,2017-05-10 05:55:05,2017-05-07 05:56:20
648,492,17,1182,19,2017-05-10 05:40:53,2017-05-07 05:41:54
649,495,4,280,2,2017-05-10 05:17:28,2017-05-07 05:18:27
650,497,7,191,2,2017-05-10 05:32:59,2017-05-07 05:34:14
651,499,2,219,11,2017-05-10 06:12:44,2017-05-07 06:13:47
652,490,6,865,23,2017-05-10 05:51:05,2017-05-07 05:51:47
653,493,15,566,13,2017-05-10 05:32:15,2017-05-07 05:33:00
654,494,12,1389,5,2017-05-10 05:38:34,2017-05-07 05:40:12
655,498,8,146,20,2017-05-10 05:21:03,2017-05-07 05:22:05
661,500,5,583,15,2017-05-10 07:48:44,2017-05-07 07:49:27
662,501,7,201,17,2017-05-10 07:38:40,2017-05-07 07:38:46
663,502,4,1012,21,2017-05-10 07:45:46,2017-05-07 07:45:54
664,503,4,268,6,2017-05-10 07:54:06,2017-05-07 07:54:31
668,506,14,58,6,2017-05-10 08:41:39,2017-05-07 08:42:35
669,507,4,807,6,2017-05-10 08:38:24,2017-05-07 08:39:19
670,504,3,1169,20,2017-05-10 09:09:42,2017-05-07 09:10:49
671,505,5,691,4,2017-05-10 08:54:50,2017-05-07 08:55:27
675,508,15,1183,9,2017-05-10 09:42:59,2017-05-07 09:44:03
676,509,1,268,9,2017-05-10 09:04:49,2017-05-07 09:06:16
677,510,14,1030,17,2017-05-10 09:36:53,2017-05-07 09:38:26
678,511,7,269,9,2017-05-10 09:54:39,2017-05-07 09:55:16
679,512,2,685,2,2017-05-10 09:44:05,2017-05-07 09:45:36
682,516,12,531,11,2017-05-10 10:59:52,2017-05-07 11:01:18
683,517,12,95,10,2017-05-10 10:41:10,2017-05-07 10:41:48
684,513,13,1363,15,2017-05-10 10:34:46,2017-05-07 10:35:59
685,514,5,272,21,2017-05-10 10:20:12,2017-05-07 10:21:04
686,515,14,1429,16,2017-05-10 10:17:57,2017-05-07 10:18:40
687,518,5,777,5,2017-05-10 11:14:08,2017-05-07 11:14:43
689,519,2,1297,22,2017-05-10 11:26:59,2017-05-07 11:28:38
690,520,1,626,11,2017-05-10 11:24:07,2017-05-07 11:25:38
691,521,16,4,22,2017-05-10 11:47:59,2017-05-07 11:48:33
692,522,11,96,2,2017-05-10 11:42:17,2017-05-07 11:43:42
696,523,8,1240,18,2017-05-10 12:47:41,2017-05-07 12:49:21
697,524,17,1158,8,2017-05-10 12:56:23,2017-05-07 12:57:24
699,525,8,96,21,2017-05-10 14:04:56,2017-05-07 14:06:18
700,526,11,621,17,2017-05-10 13:19:34,2017-05-07 13:19:50
702,528,6,665,17,2017-05-10 14:12:49,2017-05-07 14:14:11
703,529,2,487,23,2017-05-10 15:04:55,2017-05-07 15:06:16
704,530,17,692,11,2017-05-10 14:14:50,2017-05-07 14:15:47
705,533,4,627,7,2017-05-10 14:06:04,2017-05-07 14:06:42
706,527,13,1029,8,2017-05-10 14:27:55,2017-05-07 14:28:40
707,531,6,128,11,2017-05-10 14:45:49,2017-05-07 14:47:06
708,532,14,487,23,2017-05-10 14:21:01,2017-05-07 14:21:21
709,534,15,619,2,2017-05-10 14:26:43,2017-05-07 14:28:14
717,535,13,912,12,2017-05-10 15:52:39,2017-05-07 15:54:03
718,536,2,680,22,2017-05-10 15:04:04,2017-05-07 15:05:35
720,538,16,622,13,2017-05-10 16:49:17,2017-05-07 16:50:37
721,539,2,301,17,2017-05-10 16:20:43,2017-05-07 16:21:35
722,537,1,408,14,2017-05-10 16:51:59,2017-05-07 16:52:20
723,540,4,622,13,2017-05-10 16:47:46,2017-05-07 16:49:08
727,541,2,448,19,2017-05-10 17:05:50,2017-05-07 17:07:25
728,542,13,344,8,2017-05-10 17:50:06,2017-05-07 17:50:21
730,543,10,1180,2,2017-05-10 18:16:07,2017-05-07 18:17:02
731,546,12,566,6,2017-05-10 18:09:22,2017-05-07 18:09:51
732,544,12,1163,19,2017-05-10 18:41:10,2017-05-07 18:41:27
733,545,3,101,14,2017-05-10 18:36:26,2017-05-07 18:36:57
737,547,12,1085,7,2017-05-10 19:46:01,2017-05-07 19:47:21
738,548,14,1356,24,2017-05-10 19:37:43,2017-05-07 19:38:46
739,549,3,831,21,2017-05-10 19:35:34,2017-05-07 19:36:37
740,550,14,577,24,2017-05-10 19:59:34,2017-05-07 19:59:41
741,551,14,441,1,2017-05-10 19:52:01,2017-05-07 19:52:52
742,552,4,249,14,2017-05-10 19:58:31,2017-05-07 19:58:33
744,554,14,768,17,2017-05-10 20:34:40,2017-05-07 20:35:20
745,556,8,423,8,2017-05-10 20:14:39,2017-05-07 20:15:47
746,555,10,753,7,2017-05-10 20:07:50,2017-05-07 20:08:03
747,553,10,129,12,2017-05-10 20:52:37,2017-05-07 20:53:05
748,557,17,83,3,2017-05-10 20:26:59,2017-05-07 20:28:00
751,560,7,708,19,2017-05-10 21:32:48,2017-05-07 21:34:05
752,558,6,332,15,2017-05-10 21:31:21,2017-05-07 21:32:24
753,561,14,887,12,2017-05-10 21:38:44,2017-05-07 21:40:12
754,559,8,84,3,2017-05-10 21:54:35,2017-05-07 21:55:20
755,562,17,683,7,2017-05-10 21:50:40,2017-05-07 21:51:56
756,563,7,896,7,2017-05-10 22:02:40,2017-05-07 22:04:02
758,564,10,103,12,2017-05-10 23:01:00,2017-05-07 23:01:24
759,565,12,296,18,2017-05-10 23:49:40,2017-05-07 23:50:32
760,566,9,255,4,2017-05-10 23:30:37,2017-05-07 23:32:02
762,567,13,1123,5,2017-05-11 01:02:14,2017-05-08 01:03:34
763,568,10,726,23,2017-05-11 00:11:20,2017-05-08 00:11:24
765,569,2,491,4,2017-05-11 01:43:35,2017-05-08 01:44:48
766,570,3,667,21,2017-05-11 01:15:35,2017-05-08 01:16:37
768,572,8,291,3,2017-05-11 02:14:21,2017-05-08 02:15:24
769,571,16,268,18,2017-05-11 02:37:37,2017-05-08 02:38:52
770,574,7,142,16,2017-05-11 02:59:10,2017-05-08 03:00:35
771,575,5,320,12,2017-05-11 02:08:05,2017-05-08 02:08:10
772,573,4,1195,7,2017-05-11 03:14:27,2017-05-08 03:15:01
775,579,10,461,20,2017-05-11 03:56:22,2017-05-08 03:57:58
776,577,4,496,10,2017-05-11 04:06:10,2017-05-08 04:06:34
777,576,11,711,12,2017-05-11 03:07:57,2017-05-08 03:09:14
778,578,1,1212,22,2017-05-11 04:01:46,2017-05-08 04:03:10
782,581,9,145,4,2017-05-11 04:53:47,2017-05-08 04:54:36
783,582,5,757,15,2017-05-11 04:19:43,2017-05-08 04:20:16
784,580,17,44,13,2017-05-11 04:59:38,2017-05-08 04:59:51
785,583,8,300,12,2017-05-11 04:12:45,2017-05-08 04:12:49
786,584,1,774,2,2017-05-11 04:49:47,2017-05-08 04:50:43
789,585,2,269,19,2017-05-11 05:59:51,2017-05-08 06:00:35
790,589,4,766,14,2017-05-11 05:30:02,2017-05-08 05:31:26
791,586,8,411,23,2017-05-11 05:55:45,2017-05-08 05:56:35
792,587,12,423,4,2017-05-11 05:20:05,2017-05-08 05:21:00
793,588,12,566,21,2017-05-11 05:54:45,2017-05-08 05:55:14
794,590,4,1239,16,2017-05-11 05:32:51,2017-05-08 05:33:01
796,591,1,280,15,2017-05-11 06:25:46,2017-05-08 06:27:19
797,592,7,47,17,2017-05-11 07:02:51,2017-05-08 07:03:43
798,593,8,147,23,2017-05-11 07:01:01,2017-05-08 07:01:36
799,594,11,1206,3,2017-05-11 06:36:25,2017-05-08 06:37:59
800,595,17,745,20,2017-05-11 06:16:47,2017-05-08 06:17:09
803,596,14,109,24,2017-05-11 08:02:27,2017-05-08 08:02:44
804,597,1,266,3,2017-05-11 07:39:09,2017-05-08 07:39:56
805,598,10,1020,6,2017-05-11 07:54:57,2017-05-08 07:55:24
806,599,16,497,19,2017-05-11 08:12:59,2017-05-08 08:14:13
807,601,16,328,13,2017-05-11 09:49:31,2017-05-08 09:50:33
808,602,16,959,17,2017-05-11 09:38:07,2017-05-08 09:38:38
809,600,15,332,10,2017-05-11 09:49:11,2017-05-08 09:50:34
810,605,16,705,8,2017-05-11 11:08:42,2017-05-08 11:09:12
811,603,7,92,1,2017-05-11 10:24:17,2017-05-08 10:25:55
812,604,3,1183,23,2017-05-11 10:24:24,2017-05-08 10:25:24
813,606,10,1397,17,2017-05-11 11:20:09,2017-05-08 11:20:15
814,614,9,530,9,2017-05-11 12:40:17,2017-05-08 12:40:50
815,610,9,205,7,2017-05-11 12:47:52,2017-05-08 12:49:01
816,613,3,407,16,2017-05-11 12:12:06,2017-05-08 12:12:25
817,607,3,386,11,2017-05-11 12:56:04,2017-05-08 12:57:41
818,608,15,1195,8,2017-05-11 12:29:25,2017-05-08 12:29:44
819,609,16,131,19,2017-05-11 13:12:42,2017-05-08 13:12:49
820,611,13,689,6,2017-05-11 12:34:11,2017-05-08 12:34:49
821,612,2,1182,12,2017-05-11 12:37:46,2017-05-08 12:38:37
829,615,4,827,9,2017-05-11 13:16:58,2017-05-08 13:18:28
830,616,4,1126,22,2017-05-11 13:59:39,2017-05-08 13:59:47
832,617,5,423,23,2017-05-11 15:00:38,2017-05-08 15:00:46
833,618,15,269,22,2017-05-11 14:05:16,2017-05-08 14:06:04
834,619,15,496,18,2017-05-11 15:09:35,2017-05-08 15:11:02
835,620,5,603,23,2017-05-11 15:32:47,2017-05-08 15:34:12
836,621,2,185,13,2017-05-11 16:12:29,2017-05-08 16:12:34
837,622,10,457,24,2017-05-11 15:19:07,2017-05-08 15:20:06
838,623,5,500,11,2017-05-11 16:17:04,2017-05-08 16:17:39
839,624,5,625,11,2017-05-11 17:08:04,2017-05-08 17:09:38
840,626,2,1137,22,2017-05-11 18:53:53,2017-05-08 18:54:05
841,628,16,28,9,2017-05-11 18:32:12,2017-05-08 18:32:29
842,625,7,96,16,2017-05-11 18:56:11,2017-05-08 18:56:57
843,627,8,1140,22,2017-05-11 18:09:49,2017-05-08 18:10:04
847,631,4,1169,5,2017-05-11 19:59:27,2017-05-08 19:59:55
848,632,3,445,21,2017-05-11 19:30:22,2017-05-08 19:31:10
849,634,12,265,14,2017-05-11 19:51:44,2017-05-08 19:53:07
850,629,6,693,15,2017-05-11 19:44:39,2017-05-08 19:45:46
851,630,5,194,22,2017-05-11 19:56:58,2017-05-08 19:57:36
852,633,17,200,16,2017-05-11 19:24:32,2017-05-08 19:25:03
854,636,10,290,24,2017-05-11 20:54:32,2017-05-08 20:54:58
855,635,12,87,1,2017-05-11 20:14:08,2017-05-08 20:14:45
857,637,1,693,21,2017-05-11 21:11:32,2017-05-08 21:12:51
858,638,1,491,11,2017-05-11 21:19:50,2017-05-08 21:19:59
859,639,17,803,5,2017-05-11 21:52:47,2017-05-08 21:53:23
860,640,4,1167,20,2017-05-11 22:10:08,2017-05-08 22:11:33
861,641,12,290,21,2017-05-11 22:59:39,2017-05-08 23:00:07
862,642,13,85,5,2017-05-11 22:20:12,2017-05-08 22:21:42
863,643,2,213,22,2017-05-12 00:07:41,2017-05-09 00:09:06
864,645,12,92,19,2017-05-12 00:32:27,2017-05-09 00:33:36
865,644,2,2,13,2017-05-12 00:41:29,2017-05-09 00:41:34
866,646,5,1114,7,2017-05-12 01:36:08,2017-05-09 01:36:56
867,647,6,365,18,2017-05-12 01:51:10,2017-05-09 01:51:54
868,648,16,261,17,2017-05-12 01:07:28,2017-05-09 01:07:47
869,652,8,281,11,2017-05-12 02:46:09,2017-05-09 02:47:30
870,649,3,421,19,2017-05-12 02:07:43,2017-05-09 02:07:57
871,650,16,146,15,2017-05-12 03:00:18,2017-05-09 03:01:25
872,651,7,600,17,2017-05-12 02:12:07,2017-05-09 02:13:06
873,653,1,301,4,2017-05-12 02:34:44,2017-05-09 02:35:58
876,654,9,285,17,2017-05-12 03:40:20,2017-05-09 03:40:24
877,655,10,339,8,2017-05-12 03:24:09,2017-05-09 03:25:00
878,656,8,185,18,2017-05-12 03:27:05,2017-05-09 03:27:09
879,657,4,316,4,2017-05-12 04:34:11,2017-05-09 04:34:34
880,658,9,1067,2,2017-05-12 04:45:24,2017-05-09 04:46:48
881,659,12,605,14,2017-05-12 04:04:44,2017-05-09 04:05:24
882,661,15,349,9,2017-05-12 06:10:15,2017-05-09 06:10:57
883,660,12,866,20,2017-05-12 05:22:19,2017-05-09 05:23:29
885,662,11,73,4,2017-05-12 07:10:22,2017-05-09 07:11:45
886,663,1,497,12,2017-05-12 07:34:47,2017-05-09 07:36:10
888,664,10,267,9,2017-05-12 08:37:41,2017-05-09 08:37:49
889,665,1,300,20,2017-05-12 08:29:33,2017-05-09 08:31:01
891,666,14,423,18,2017-05-12 09:51:29,2017-05-09 09:52:30
892,667,13,664,4,2017-05-12 09:15:22,2017-05-09 09:15:35
894,669,11,828,9,2017-05-12 10:20:21,2017-05-09 10:20:45
895,670,9,606,9,2017-05-12 11:10:05,2017-05-09 11:10:44
896,668,14,490,7,2017-05-12 10:38:04,2017-05-09 10:38:36
897,672,11,438,9,2017-05-12 11:46:35,2017-05-09 11:47:23
898,671,5,94,20,2017-05-12 11:47:23,2017-05-09 11:47:55
900,673,10,1105,21,2017-05-12 12:51:37,2017-05-09 12:51:42
901,674,17,591,23,2017-05-12 12:12:45,2017-05-09 12:14:02
902,676,15,420,16,2017-05-12 12:15:05,2017-05-09 12:16:41
903,675,7,283,6,2017-05-12 12:44:05,2017-05-09 12:44:49
907,678,11,465,1,2017-05-12 14:01:09,2017-05-09 14:02:22
908,677,17,93,23,2017-05-12 13:27:13,2017-05-09 13:27:59
909,679,8,1374,4,2017-05-12 13:50:18,2017-05-09 13:51:39
910,681,5,1043,14,2017-05-12 14:08:17,2017-05-09 14:09:24
911,680,16,322,16,2017-05-12 14:41:22,2017-05-09 14:41:40
912,682,11,317,16,2017-05-12 14:43:20,2017-05-09 14:43:51
913,683,15,288,13,2017-05-12 15:36:01,2017-05-09 15:36:18
921,689,11,824,10,2017-05-12 19:11:05,2017-05-09 19:11:17
923,690,11,1114,1,2017-05-12 19:39:09,2017-05-09 19:39:16
924,691,15,203,6,2017-05-12 19:25:09,2017-05-09 19:26:23
925,692,17,864,14,2017-05-12 20:02:00,2017-05-09 20:02:09
926,693,4,764,16,2017-05-12 19:21:25,2017-05-09 19:21:36
930,695,1,26,16,2017-05-12 20:43:07,2017-05-09 20:44:17
931,697,2,1114,10,2017-05-12 20:11:30,2017-05-09 20:11:55
932,694,7,436,16,2017-05-12 20:17:22,2017-05-09 20:18:04
933,696,2,444,23,2017-05-12 20:22:31,2017-05-09 20:23:25
934,698,6,307,17,2017-05-12 20:43:40,2017-05-09 20:43:48
937,700,9,622,18,2017-05-12 22:05:35,2017-05-09 22:06:17
938,701,11,265,15,2017-05-12 21:32:39,2017-05-09 21:33:35
939,702,11,254,13,2017-05-12 21:15:45,2017-05-09 21:15:59
940,699,16,1192,5,2017-05-12 21:14:39,2017-05-09 21:15:06
944,703,3,246,7,2017-05-12 22:45:47,2017-05-09 22:46:59
945,704,6,584,10,2017-05-12 22:34:47,2017-05-09 22:36:01
946,705,4,275,22,2017-05-12 22:16:08,2017-05-09 22:17:01
947,706,16,423,1,2017-05-12 22:58:41,2017-05-09 22:58:59
948,707,15,549,16,2017-05-12 22:44:40,2017-05-09 22:44:52
951,710,13,1016,4,2017-05-12 23:36:44,2017-05-09 23:38:23
952,711,15,649,14,2017-05-12 23:54:48,2017-05-09 23:56:09
953,709,17,526,3,2017-05-12 23:25:10,2017-05-09 23:26:32
954,708,11,826,19,2017-05-13 00:04:44,2017-05-10 00:04:58
958,712,17,777,9,2017-05-13 00:48:46,2017-05-10 00:49:57
959,713,7,1029,23,2017-05-13 01:26:48,2017-05-10 01:27:42
960,714,11,621,5,2017-05-13 01:25:58,2017-05-10 01:27:25
961,715,12,16,2,2017-05-13 02:05:35,2017-05-10 02:07:04
962,716,17,261,23,2017-05-13 03:16:38,2017-05-10 03:17:08
963,717,6,150,22,2017-05-13 03:12:30,2017-05-10 03:13:27
964,718,7,1323,13,2017-05-13 03:52:00,2017-05-10 03:52:32
965,719,7,332,20,2017-05-13 04:48:25,2017-05-10 04:48:31
966,720,6,497,5,2017-05-13 05:22:42,2017-05-10 05:22:44
967,721,15,322,23,2017-05-13 05:48:09,2017-05-10 05:48:33
968,722,2,697,2,2017-05-13 05:32:58,2017-05-10 05:33:59
969,723,15,215,3,2017-05-13 07:01:47,2017-05-10 07:02:40
970,724,7,427,22,2017-05-13 07:01:26,2017-05-10 07:02:41
971,725,8,498,6,2017-05-13 06:42:39,2017-05-10 06:43:37
972,726,5,151,16,2017-05-13 06:16:09,2017-05-10 06:16:16
976,730,10,99,20,2017-05-13 07:32:49,2017-05-10 07:33:40
977,727,9,1169,7,2017-05-13 07:50:40,2017-05-10 07:51:56
978,728,2,1159,14,2017-05-13 07:58:46,2017-05-10 08:00:10
979,729,4,267,16,2017-05-13 07:05:04,2017-05-10 07:06:33
983,731,15,141,9,2017-05-13 09:02:16,2017-05-10 09:02:48
984,737,1,103,16,2017-05-13 09:49:19,2017-05-10 09:50:07
985,732,14,789,4,2017-05-13 09:41:43,2017-05-10 09:42:52
986,734,16,100,16,2017-05-13 09:11:42,2017-05-10 09:12:56
987,736,10,141,8,2017-05-13 09:50:41,2017-05-10 09:51:56
988,733,14,648,11,2017-05-13 10:12:45,2017-05-10 10:14:20
989,735,10,1114,2,2017-05-13 09:37:06,2017-05-10 09:37:59
991,738,10,1226,19,2017-05-13 10:37:51,2017-05-10 10:38:13
992,739,11,662,12,2017-05-13 11:59:19,2017-05-10 12:00:06
993,742,7,1182,8,2017-05-13 11:36:10,2017-05-10 11:36:47
994,744,11,1169,14,2017-05-13 11:07:04,2017-05-10 11:08:36
995,740,9,1330,17,2017-05-13 11:54:32,2017-05-10 11:55:33
996,741,8,426,5,2017-05-13 11:06:15,2017-05-10 11:06:37
997,743,12,333,6,2017-05-13 11:36:54,2017-05-10 11:36:59
999,745,13,102,9,2017-05-13 12:27:53,2017-05-10 12:29:15
1000,748,13,436,23,2017-05-13 13:55:26,2017-05-10 13:56:59
1001,746,10,440,22,2017-05-13 13:09:01,2017-05-10 13:10:36
1002,747,3,824,8,2017-05-13 14:09:49,2017-05-10 14:11:19
1003,749,3,303,21,2017-05-13 14:52:00,2017-05-10 14:53:36
1004,751,8,287,17,2017-05-13 15:38:43,2017-05-10 15:38:46
1005,750,4,466,16,2017-05-13 15:40:20,2017-05-10 15:40:33
1007,754,13,604,14,2017-05-13 16:27:39,2017-05-10 16:28:13
1008,752,5,510,6,2017-05-13 16:34:41,2017-05-10 16:35:43
1009,753,9,622,15,2017-05-13 16:15:24,2017-05-10 16:15:54
1010,755,7,839,7,2017-05-13 18:03:18,2017-05-10 18:04:22
1011,760,3,1151,14,2017-05-13 17:21:50,2017-05-10 17:23:27
1012,758,17,1089,10,2017-05-13 17:13:57,2017-05-10 17:15:18
1013,756,3,298,19,2017-05-13 17:53:58,2017-05-10 17:54:15
1014,757,11,1182,6,2017-05-13 17:36:27,2017-05-10 17:37:07
1015,759,13,1105,12,2017-05-13 18:04:08,2017-05-10 18:05:19
1017,763,17,658,17,2017-05-13 19:06:30,2017-05-10 19:08:05
1018,761,1,601,20,2017-05-13 18:44:22,2017-05-10 18:45:03
1019,762,8,802,15,2017-05-13 18:24:18,2017-05-10 18:24:42
1020,764,15,571,10,2017-05-13 19:58:54,2017-05-10 19:59:12
1021,765,5,703,22,2017-05-13 19:12:10,2017-05-10 19:13:14
1022,767,17,404,11,2017-05-13 19:48:21,2017-05-10 19:48:35
1023,766,2,604,10,2017-05-13 19:19:23,2017-05-10 19:20:12
1024,768,16,826,3,2017-05-13 19:57:23,2017-05-10 19:57:29
1027,769,6,1286,11,2017-05-13 20:33:53,2017-05-10 20:34:17
1028,770,2,2,22,2017-05-13 20:38:01,2017-05-10 20:38:39
1029,771,9,912,22,2017-05-13 20:22:43,2017-05-10 20:23:54
1030,772,2,1179,8,2017-05-13 21:59:05,2017-05-10 21:59:13
1031,773,1,593,21,2017-05-13 23:01:27,2017-05-10 23:02:00
1032,775,16,179,16,2017-05-13 22:47:26,2017-05-10 22:47:45
1033,778,16,289,16,2017-05-13 22:38:49,2017-05-10 22:39:48
1034,774,2,111,16,2017-05-13 22:41:25,2017-05-10 22:41:49
1035,776,9,499,23,2017-05-13 22:56:59,2017-05-10 22:58:08
1036,777,10,293,22,2017-05-13 22:55:46,2017-05-10 22:56:18
1038,780,9,208,17,2017-05-13 23:42:08,2017-05-10 23:43:32
1039,779,9,789,20,2017-05-13 23:20:02,2017-05-10 23:21:23
1041,781,6,503,7,2017-05-14 00:37:10,2017-05-11 00:37:49
1042,782,13,616,22,2017-05-14 00:14:01,2017-05-11 00:15:03
1044,784,16,218,20,2017-05-14 01:45:30,2017-05-11 01:45:53
1045,785,2,1169,2,2017-05-14 01:25:29,2017-05-11 01:27:05
1046,783,5,1058,13,2017-05-14 01:24:16,2017-05-11 01:24:40
1047,786,6,661,19,2017-05-14 03:06:20,2017-05-11 03:07:34
1048,787,16,1389,16,2017-05-14 03:04:38,2017-05-11 03:04:59
1049,790,17,421,6,2017-05-14 02:25:34,2017-05-11 02:26:19
1050,788,10,191,22,2017-05-14 03:04:06,2017-05-11 03:05:39
1051,789,11,101,4,2017-05-14 02:44:43,2017-05-11 02:45:06
1054,791,15,277,6,2017-05-14 03:23:06,2017-05-11 03:23:16
1055,792,4,421,20,2017-05-14 03:03:14,2017-05-11 03:04:45
1056,793,5,601,9,2017-05-14 03:26:15,2017-05-11 03:27:01
1057,794,6,601,9,2017-05-14 03:31:40,2017-05-11 03:31:57
1061,797,16,603,4,2017-05-14 04:46:50,2017-05-11 04:47:07
1062,795,9,1125,16,2017-05-14 04:42:01,2017-05-11 04:42:29
1063,796,8,711,13,2017-05-14 05:01:18,2017-05-11 05:02:24
1064,799,13,838,22,2017-05-14 05:30:17,2017-05-11 05:31:22
1065,798,8,516,15,2017-05-14 05:23:52,2017-05-11 05:24:48
1067,801,7,835,1,2017-05-14 06:42:42,2017-05-11 06:43:07
1068,800,7,266,8,2017-05-14 06:41:59,2017-05-11 06:42:30
1069,802,16,1431,2,2017-05-14 06:39:56,2017-05-11 06:40:38
1070,805,11,832,10,2017-05-14 07:44:18,2017-05-11 07:44:26
1071,808,6,1149,3,2017-05-14 07:42:24,2017-05-11 07:42:40
1072,809,11,496,24,2017-05-14 07:19:41,2017-05-11 07:21:11
1073,803,12,277,18,2017-05-14 07:05:01,2017-05-11 07:06:33
1074,804,8,426,1,2017-05-14 07:39:58,2017-05-11 07:40:48
1075,806,4,553,13,2017-05-14 07:19:31,2017-05-11 07:19:58
1076,807,2,132,9,2017-05-14 07:23:08,2017-05-11 07:24:35
1077,812,12,486,7,2017-05-14 08:58:38,2017-05-11 08:59:12
1079,813,8,1169,15,2017-05-14 08:39:16,2017-05-11 08:40:51
1081,810,13,1112,10,2017-05-14 08:35:52,2017-05-11 08:36:21
1082,811,7,427,8,2017-05-14 08:42:23,2017-05-11 08:42:40
1093,819,11,178,12,2017-05-14 09:32:12,2017-05-11 09:32:35
1094,820,3,117,4,2017-05-14 10:01:32,2017-05-11 10:02:30
1095,821,13,1020,15,2017-05-14 09:25:06,2017-05-11 09:26:34
1096,822,15,1195,16,2017-05-14 09:45:55,2017-05-11 09:46:28
1099,825,16,827,17,2017-05-14 10:36:01,2017-05-11 10:37:24
1100,823,13,281,21,2017-05-14 10:39:30,2017-05-11 10:41:03
1101,826,16,332,12,2017-05-14 10:18:11,2017-05-11 10:18:13
1102,824,4,909,7,2017-05-14 10:41:09,2017-05-11 10:41:29
1106,827,9,1101,16,2017-05-14 11:51:51,2017-05-11 11:52:29
1107,828,4,392,15,2017-05-14 11:24:24,2017-05-11 11:24:29
1108,829,2,1165,9,2017-05-14 11:44:12,2017-05-11 11:45:27
1109,830,5,1042,4,2017-05-14 12:41:54,2017-05-11 12:42:39
1110,831,17,12,24,2017-05-14 13:23:33,2017-05-11 13:24:39
1111,832,9,47,19,2017-05-14 13:41:56,2017-05-11 13:42:22
1112,835,11,95,14,2017-05-14 13:50:03,2017-05-11 13:51:26
1113,833,3,334,8,2017-05-14 13:40:19,2017-05-11 13:41:17
1114,834,11,336,8,2017-05-14 14:13:54,2017-05-11 14:15:33
1117,836,6,1138,14,2017-05-14 14:29:53,2017-05-11 14:30:03
1118,837,13,259,20,2017-05-14 16:23:44,2017-05-11 16:24:07
1119,838,9,647,17,2017-05-14 17:04:32,2017-05-11 17:05:58
1120,840,8,144,5,2017-05-14 16:41:24,2017-05-11 16:42:01
1121,839,9,792,4,2017-05-14 16:13:32,2017-05-11 16:14:42
1125,843,6,263,6,2017-05-14 17:36:24,2017-05-11 17:36:33
1126,841,1,1203,12,2017-05-14 17:14:20,2017-05-11 17:15:31
1127,842,4,1182,20,2017-05-14 17:31:03,2017-05-11 17:31:31
1128,846,17,1149,13,2017-05-14 18:36:03,2017-05-11 18:37:06
1129,844,17,252,6,2017-05-14 18:37:07,2017-05-11 18:38:07
1130,845,5,528,10,2017-05-14 18:38:05,2017-05-11 18:39:26
1131,847,7,332,14,2017-05-14 18:06:41,2017-05-11 18:08:17
1132,848,5,210,15,2017-05-14 19:09:34,2017-05-11 19:09:40
1133,849,13,331,19,2017-05-14 18:32:16,2017-05-11 18:32:49
1134,850,2,1114,2,2017-05-14 18:55:54,2017-05-11 18:57:15
1135,851,10,391,2,2017-05-14 19:31:50,2017-05-11 19:32:15
1136,852,17,28,16,2017-05-14 19:41:27,2017-05-11 19:42:09
1138,854,2,47,21,2017-05-14 20:21:20,2017-05-11 20:21:32
1139,853,16,322,7,2017-05-14 21:06:21,2017-05-11 21:07:31
1141,856,13,181,15,2017-05-14 21:37:58,2017-05-11 21:39:31
1142,855,5,655,11,2017-05-14 21:43:18,2017-05-11 21:44:50
1144,860,10,489,3,2017-05-14 22:22:05,2017-05-11 22:22:59
1145,862,6,622,19,2017-05-14 22:45:58,2017-05-11 22:46:41
1146,861,5,1221,14,2017-05-14 22:35:32,2017-05-11 22:36:56
1147,857,13,864,2,2017-05-14 23:00:48,2017-05-11 23:00:54
1148,858,13,507,20,2017-05-14 22:55:33,2017-05-11 22:56:24
1149,859,15,1133,19,2017-05-14 22:27:29,2017-05-11 22:29:09
1150,863,11,658,17,2017-05-14 22:24:57,2017-05-11 22:25:46
1151,864,5,288,22,2017-05-14 23:12:55,2017-05-11 23:13:11
1159,866,15,1418,3,2017-05-15 00:10:59,2017-05-12 00:12:20
1160,865,3,641,10,2017-05-14 23:36:50,2017-05-11 23:38:25
1162,868,2,666,20,2017-05-15 00:42:32,2017-05-12 00:42:59
1163,870,15,1072,24,2017-05-15 00:26:38,2017-05-12 00:27:45
1164,867,16,864,9,2017-05-15 00:50:35,2017-05-12 00:51:36
1165,869,13,602,20,2017-05-15 00:30:52,2017-05-12 00:31:28
1169,871,8,503,6,2017-05-15 01:53:15,2017-05-12 01:54:13
1170,872,16,1169,15,2017-05-15 01:22:05,2017-05-12 01:23:25
1172,874,13,1151,12,2017-05-15 03:06:09,2017-05-12 03:06:22
1173,873,10,1168,21,2017-05-15 03:55:24,2017-05-12 03:56:44
1174,875,2,252,24,2017-05-15 04:12:40,2017-05-12 04:14:00
1175,878,17,463,8,2017-05-15 04:24:43,2017-05-12 04:25:59
1176,876,10,473,14,2017-05-15 05:10:28,2017-05-12 05:11:54
1177,877,15,1182,4,2017-05-15 04:53:19,2017-05-12 04:54:38
1178,879,14,1211,1,2017-05-15 04:32:58,2017-05-12 04:33:01
1182,881,7,252,24,2017-05-15 05:44:06,2017-05-12 05:45:02
1183,883,7,84,16,2017-05-15 05:58:52,2017-05-12 05:59:26
1184,880,1,503,13,2017-05-15 05:43:21,2017-05-12 05:44:26
1185,882,11,289,9,2017-05-15 05:26:05,2017-05-12 05:27:06
1189,886,14,1169,17,2017-05-15 06:07:48,2017-05-12 06:08:44
1190,885,8,280,3,2017-05-15 06:34:03,2017-05-12 06:34:37
1191,884,2,485,5,2017-05-15 06:57:48,2017-05-12 06:58:34
1192,887,8,599,10,2017-05-15 06:31:05,2017-05-12 06:31:08
1196,888,1,1188,2,2017-05-15 07:49:40,2017-05-12 07:50:31
1197,889,14,606,24,2017-05-15 07:59:57,2017-05-12 08:00:54
1198,890,8,83,19,2017-05-15 07:28:13,2017-05-12 07:29:12
1199,892,7,1336,3,2017-05-15 08:49:27,2017-05-12 08:50:40
1200,891,3,289,12,2017-05-15 08:45:48,2017-05-12 08:47:17
1202,893,16,684,6,2017-05-15 09:29:03,2017-05-12 09:29:16
1203,894,10,408,5,2017-05-15 09:59:32,2017-05-12 09:59:41
1204,895,9,422,12,2017-05-15 09:48:07,2017-05-12 09:48:47
1205,899,1,241,5,2017-05-15 10:20:39,2017-05-12 10:20:51
1206,896,14,1204,13,2017-05-15 10:37:47,2017-05-12 10:37:48
1207,897,2,259,18,2017-05-15 10:47:24,2017-05-12 10:49:01
1208,898,7,409,15,2017-05-15 11:06:55,2017-05-12 11:07:37
1212,900,7,100,5,2017-05-15 11:30:15,2017-05-12 11:31:28
1213,903,6,1250,15,2017-05-15 11:37:10,2017-05-12 11:37:12
1214,901,9,130,10,2017-05-15 11:16:54,2017-05-12 11:17:18
1215,902,5,684,15,2017-05-15 11:14:47,2017-05-12 11:15:06
1216,904,1,792,5,2017-05-15 11:38:03,2017-05-12 11:39:02
1219,906,3,1218,8,2017-05-15 12:40:00,2017-05-12 12:41:35
1220,907,17,490,15,2017-05-15 13:08:24,2017-05-12 13:09:41
1221,908,13,279,23,2017-05-15 12:35:15,2017-05-12 12:36:06
1222,905,1,503,15,2017-05-15 12:17:53,2017-05-12 12:18:10
1226,909,15,1389,15,2017-05-15 13:49:50,2017-05-12 13:50:24
1227,910,16,670,1,2017-05-15 13:22:45,2017-05-12 13:22:46
1229,911,2,1123,11,2017-05-15 14:24:48,2017-05-12 14:26:11
1230,912,9,96,10,2017-05-15 15:54:44,2017-05-12 15:55:19
1231,913,9,677,17,2017-05-15 15:40:15,2017-05-12 15:40:21
1232,914,16,488,4,2017-05-15 15:37:00,2017-05-12 15:37:37
1233,915,1,114,23,2017-05-15 16:00:09,2017-05-12 16:01:33
1234,916,9,365,17,2017-05-15 15:34:51,2017-05-12 15:35:47
1237,917,6,83,16,2017-05-15 17:02:44,2017-05-12 17:03:57
1238,918,3,840,4,2017-05-15 16:47:35,2017-05-12 16:49:10
1239,919,2,917,23,2017-05-15 16:39:53,2017-05-12 16:39:58
1240,920,9,66,17,2017-05-15 16:03:58,2017-05-12 16:05:33
1244,924,1,893,18,2017-05-15 18:01:03,2017-05-12 18:02:27
1245,921,1,352,14,2017-05-15 17:53:10,2017-05-12 17:54:30
1246,922,4,1168,17,2017-05-15 18:02:55,2017-05-12 18:02:57
1247,923,4,567,17,2017-05-15 17:43:52,2017-05-12 17:44:36
1248,925,11,300,4,2017-05-15 17:53:33,2017-05-12 17:53:45
1251,927,8,97,13,2017-05-15 18:41:26,2017-05-12 18:42:21
1252,928,15,277,18,2017-05-15 19:01:36,2017-05-12 19:01:45
1253,929,3,1216,23,2017-05-15 18:30:50,2017-05-12 18:31:51
1254,931,16,500,22,2017-05-15 19:04:46,2017-05-12 19:05:45
1255,930,3,674,20,2017-05-15 18:34:59,2017-05-12 18:35:13
1256,926,5,767,4,2017-05-15 19:04:30,2017-05-12 19:04:38
1258,932,7,708,9,2017-05-15 20:13:50,2017-05-12 20:15:09
1259,934,8,625,17,2017-05-15 20:22:26,2017-05-12 20:22:48
1260,935,4,1202,12,2017-05-15 20:33:12,2017-05-12 20:33:36
1261,936,2,494,19,2017-05-15 20:49:52,2017-05-12 20:51:27
1262,937,17,1415,23,2017-05-15 20:39:32,2017-05-12 20:40:05
1263,938,4,1027,16,2017-05-15 20:57:08,2017-05-12 20:57:50
1264,933,12,161,8,2017-05-15 20:10:01,2017-05-12 20:11:08
1266,940,15,254,22,2017-05-15 21:24:42,2017-05-12 21:25:02
1267,939,16,4,20,2017-05-15 21:21:27,2017-05-12 21:21:40
1269,941,9,93,17,2017-05-15 23:05:01,2017-05-12 23:05:36
1270,942,5,423,6,2017-05-15 22:15:19,2017-05-12 22:15:47
1272,943,15,472,14,2017-05-15 23:21:30,2017-05-12 23:22:39
1273,944,12,684,21,2017-05-15 23:40:49,2017-05-12 23:42:14
1275,945,12,1424,13,2017-05-16 00:16:39,2017-05-13 00:18:05
1276,946,14,619,11,2017-05-16 00:39:27,2017-05-13 00:40:43
1277,948,6,437,7,2017-05-16 00:51:26,2017-05-13 00:51:55
1278,947,15,1366,5,2017-05-16 01:12:58,2017-05-13 01:14:15
1282,949,15,865,7,2017-05-16 01:44:48,2017-05-13 01:45:06
1283,950,4,260,18,2017-05-16 02:09:27,2017-05-13 02:10:37
1285,951,13,282,2,2017-05-16 02:49:28,2017-05-13 02:49:58
1286,954,12,99,20,2017-05-16 02:17:17,2017-05-13 02:17:26
1287,952,11,529,16,2017-05-16 02:51:10,2017-05-13 02:51:51
1288,953,15,248,21,2017-05-16 02:10:47,2017-05-13 02:12:04
1292,955,15,172,20,2017-05-16 03:34:33,2017-05-13 03:34:46
1293,956,14,95,5,2017-05-16 03:41:18,2017-05-13 03:42:26
1295,959,9,221,15,2017-05-16 05:03:19,2017-05-13 05:03:43
1296,957,17,1366,17,2017-05-16 04:57:28,2017-05-13 04:57:32
1297,958,14,1074,17,2017-05-16 04:50:05,2017-05-13 04:51:25
1298,960,6,749,23,2017-05-16 04:39:28,2017-05-13 04:40:35
1299,961,15,838,15,2017-05-16 05:00:03,2017-05-13 05:00:54
1302,967,6,511,13,2017-05-16 05:50:40,2017-05-13 05:51:38
1303,964,15,921,1,2017-05-16 05:47:16,2017-05-13 05:47:27
1304,966,12,34,20,2017-05-16 05:41:26,2017-05-13 05:42:07
1305,968,15,680,12,2017-05-16 05:57:14,2017-05-13 05:58:16
1306,969,15,523,11,2017-05-16 05:21:30,2017-05-13 05:22:35
1307,962,13,513,7,2017-05-16 05:13:44,2017-05-13 05:13:58
1308,963,17,61,20,2017-05-16 05:39:32,2017-05-13 05:40:51
1309,965,2,109,12,2017-05-16 05:58:27,2017-05-13 05:59:23
1317,970,11,796,9,2017-05-16 06:39:41,2017-05-13 06:40:48
1318,973,8,311,6,2017-05-16 06:39:39,2017-05-13 06:40:58
1319,974,15,556,17,2017-05-16 06:56:36,2017-05-13 06:57:38
1320,971,13,492,5,2017-05-16 06:48:20,2017-05-13 06:49:48
1321,972,17,495,12,2017-05-16 07:10:56,2017-05-13 07:11:18
1324,978,10,365,13,2017-05-16 07:17:37,2017-05-13 07:19:16
1325,975,7,1141,15,2017-05-16 07:20:48,2017-05-13 07:21:55
1326,976,12,301,18,2017-05-16 07:17:25,2017-05-13 07:18:36
1327,977,5,438,9,2017-05-16 07:53:57,2017-05-13 07:54:17
1331,981,12,67,21,2017-05-16 08:49:59,2017-05-13 08:50:05
1332,979,12,102,16,2017-05-16 08:44:45,2017-05-13 08:46:25
1333,980,3,503,4,2017-05-16 08:52:41,2017-05-13 08:53:20
1334,982,6,30,5,2017-05-16 08:22:10,2017-05-13 08:22:53
1340,983,11,524,17,2017-05-16 09:18:06,2017-05-13 09:19:05
1341,984,5,440,21,2017-05-16 10:01:45,2017-05-13 10:01:46
153,117,14,1170,2,2017-05-05 11:18:30,2017-05-02 11:19:02
154,119,13,289,20,2017-05-05 11:31:16,2017-05-02 11:31:29
302,235,5,94,19,2017-05-06 16:46:35,2017-05-03 16:48:04
479,368,4,207,20,2017-05-08 18:13:43,2017-05-05 18:14:17
642,487,13,1158,23,2017-05-10 04:44:28,2017-05-07 04:44:39
746,555,10,755,7,2017-05-10 20:07:50,2017-05-07 20:08:03
804,597,1,268,3,2017-05-11 07:39:09,2017-05-08 07:39:56
849,634,12,267,14,2017-05-11 19:51:44,2017-05-08 19:53:07
976,730,10,101,20,2017-05-13 07:32:49,2017-05-10 07:33:40
1127,842,4,1184,20,2017-05-14 17:31:03,2017-05-11 17:31:31
585,444,8,837,18,2017-05-09 16:48:08,2017-05-06 16:48:44
652,490,7,866,23,2017-05-10 05:51:05,2017-05-07 05:51:47
708,532,15,488,23,2017-05-10 14:21:01,2017-05-07 14:21:21
776,577,5,497,10,2017-05-11 04:06:10,2017-05-08 04:06:34
815,610,10,206,7,2017-05-11 12:47:52,2017-05-08 12:49:01
880,658,10,1068,2,2017-05-12 04:45:24,2017-05-09 04:46:48
921,689,12,825,10,2017-05-12 19:11:05,2017-05-09 19:11:17
969,723,16,216,3,2017-05-13 07:01:47,2017-05-10 07:02:40
1010,755,8,840,7,2017-05-13 18:03:18,2017-05-10 18:04:22
1064,799,14,839,22,2017-05-14 05:30:17,2017-05-11 05:31:22
1082,811,8,428,8,2017-05-14 08:42:23,2017-05-11 08:42:40
1100,823,14,282,21,2017-05-14 10:39:30,2017-05-11 10:41:03
1148,858,14,508,20,2017-05-14 22:55:33,2017-05-11 22:56:24
1175,878,18,464,8,2017-05-15 04:24:43,2017-05-12 04:25:59
