order_id,customer_id,product_id,product_cnt,order_amt,shipping_type_id,order_time,order_status
59,5599,16,6,252.72,2,2017-05-01 16:25:21,2
177,8300,11,6,203.4,2,2017-05-03 01:24:09,2
222,2300,13,1,181.98,2,2017-05-03 14:58:36,2
354,3929,2,8,338.0,1,2017-05-05 13:32:28,2
411,2256,8,5,47.85,1,2017-05-06 06:10:35,2
568,8625,10,10,1702.7,1,2017-05-08 00:03:37,2
636,2356,10,2,340.54,2,2017-05-08 20:42:51,2
783,5767,5,7,563.71,2,2017-05-11 01:20:55,2
849,2569,13,10,1819.8,2,2017-05-11 18:28:04,2
7,5523,6,6,432.65,2,2017-05-01 02:19:52,2
18,1072,14,3,393.96,2,2017-05-01 05:46:41,2
27,4436,18,4,325.92,1,2017-05-01 07:35:00,2
67,3562,2,2,55.83,1,2017-05-01 18:09:42,2
88,313,7,8,68.43,1,2017-05-02 00:38:18,2
134,1105,18,3,227.28,1,2017-05-02 13:30:32,2
169,3474,9,6,77.85,3,2017-05-02 21:29:11,2
181,6054,6,9,674.24,3,2017-05-03 01:20:56,2
231,5914,4,4,199.56,3,2017-05-03 16:13:47,2
265,506,15,4,1660.08,1,2017-05-03 22:49:44,2
270,438,2,10,262.47,1,2017-05-04 00:00:58,2
299,3479,14,11,1849.8,1,2017-05-04 13:40:11,2
342,5742,18,10,917.76,3,2017-05-05 09:45:49,2
362,311,15,10,4920.24,1,2017-05-05 14:56:19,2
386,525,17,11,451.2,2,2017-05-05 23:13:18,2
444,5316,8,3,35.92,1,2017-05-06 16:43:27,2
490,5398,7,7,62.94,2,2017-05-07 05:37:05,2
532,3509,15,7,3290.16,2,2017-05-07 14:09:23,2
577,3656,5,5,318.72,3,2017-05-08 03:54:01,2
610,1607,10,6,101.8,1,2017-05-08 12:34:26,2
658,5774,10,9,144.88,3,2017-05-09 04:29:03,2
689,5274,12,8,267.3,1,2017-05-09 18:54:40,2
723,1675,16,7,4496.22,2,2017-05-10 06:55:04,2
755,5318,8,2,32.96,3,2017-05-10 17:48:53,2
799,5303,14,5,757.92,2,2017-05-11 05:15:01,2
811,3068,8,9,53.68,1,2017-05-11 08:40:08,2
823,2137,14,5,757.92,3,2017-05-11 10:34:36,2
858,3784,14,11,1849.8,1,2017-05-11 22:44:25,2
878,3337,18,4,325.92,3,2017-05-12 04:23:04,2
1,4452,10,3,510.81,2,2017-05-01 00:55:00,2
2,3511,7,7,20.72,2,2017-05-01 00:34:40,2
3,3170,17,7,690.48,2,2017-05-01 00:32:50,2
4,399,16,3,126.36,1,2017-05-01 01:20:03,2
5,5758,12,4,883.4,2,2017-05-01 01:03:17,2
6,5968,6,3,16.47,2,2017-05-01 01:34:00,2
7,5523,5,5,402.65,2,2017-05-01 02:19:52,2
8,4408,7,10,29.6,2,2017-05-01 03:25:02,2
9,5335,10,8,1362.16,3,2017-05-01 03:28:37,2
10,5122,15,3,2233.11,1,2017-05-01 03:55:00,2
11,6952,6,10,54.9,2,2017-05-01 03:56:45,2
12,2809,13,3,545.94,3,2017-05-01 03:02:04,2
13,582,4,3,216.54,2,2017-05-01 03:57:13,2
14,2384,3,5,282.6,3,2017-05-01 04:50:47,2
15,5326,9,8,114.88,3,2017-05-01 04:33:16,2
16,366,4,7,505.26,2,2017-05-01 05:10:14,2
17,6118,5,5,402.65,2,2017-05-01 05:04:31,2
18,1072,13,2,363.96,2,2017-05-01 05:46:41,2
19,5607,8,2,19.14,1,2017-05-01 05:38:48,2
20,3018,8,1,9.57,3,2017-05-01 05:45:28,2
21,38,16,1,42.12,3,2017-05-01 06:27:29,2
22,2526,17,3,295.92,1,2017-05-01 06:24:05,2
23,5735,8,7,66.99,3,2017-05-01 06:57:30,2
24,6287,12,5,1104.25,1,2017-05-01 06:28:22,2
25,4898,11,3,101.7,1,2017-05-01 07:58:02,2
26,2280,6,7,38.43,3,2017-05-01 07:02:09,2
27,4436,17,3,295.92,1,2017-05-01 07:35:00,2
28,3431,17,1,98.64,1,2017-05-01 08:25:15,2
29,3213,10,1,170.27,1,2017-05-01 08:44:03,2
30,2220,17,10,986.4,2,2017-05-01 08:06:38,2
31,6903,3,8,452.16,1,2017-05-01 08:02:46,2
32,4944,5,7,563.71,2,2017-05-01 08:32:51,2
33,1421,7,6,17.76,3,2017-05-01 08:51:13,2
34,6422,16,7,294.84,1,2017-05-01 09:52:39,2
35,6158,11,7,237.3,1,2017-05-01 09:55:40,2
36,7088,6,8,43.92,1,2017-05-01 09:38:07,2
37,3563,12,10,2208.5,3,2017-05-01 09:01:00,2
38,5574,1,1,25.83,3,2017-05-01 10:23:50,2
39,4353,10,5,851.35,2,2017-05-01 11:51:36,2
40,3395,9,3,43.08,3,2017-05-01 11:42:04,2
41,2832,14,2,1086.72,1,2017-05-01 11:19:13,2
42,1819,7,8,23.68,1,2017-05-01 12:47:49,2
43,5729,7,5,14.8,2,2017-05-01 12:32:37,2
44,3385,3,10,565.2,3,2017-05-01 12:17:57,2
45,5787,1,5,129.15,1,2017-05-01 12:48:57,2
46,3821,16,4,168.48,3,2017-05-01 13:28:32,2
47,5567,11,4,135.6,3,2017-05-01 13:27:20,2
48,5341,4,4,288.72,3,2017-05-01 13:32:59,2
49,799,1,2,51.66,2,2017-05-01 13:46:41,2
50,101,15,6,4466.22,3,2017-05-01 13:13:38,2
51,4815,11,4,135.6,3,2017-05-01 14:43:42,2
52,1472,1,2,51.66,3,2017-05-01 14:30:31,2
53,6918,9,10,143.6,3,2017-05-01 14:33:19,2
54,3283,4,8,577.44,1,2017-05-01 14:28:50,2
55,6704,1,2,51.66,1,2017-05-01 15:40:14,2
56,777,9,4,57.44,3,2017-05-01 15:54:01,2
57,2184,17,5,493.2,2,2017-05-01 16:54:38,2
58,2798,6,7,38.43,2,2017-05-01 16:40:20,2
59,5599,16,6,252.72,2,2017-05-01 16:25:21,2
60,6537,12,9,1987.65,2,2017-05-01 17:30:27,2
61,3023,14,1,543.36,1,2017-05-01 17:09:17,2
62,5391,4,9,649.62,1,2017-05-01 17:19:57,2
63,6618,11,7,237.3,3,2017-05-01 17:23:09,2
64,4512,10,6,1021.62,2,2017-05-01 17:50:24,2
65,3166,11,4,135.6,1,2017-05-01 17:38:26,2
66,4252,17,8,789.12,2,2017-05-01 18:02:22,2
67,3562,1,1,25.83,1,2017-05-01 18:09:42,2
68,3923,4,3,216.54,1,2017-05-01 18:43:05,2
69,3531,2,6,253.5,1,2017-05-01 18:45:33,2
70,1087,3,9,508.68,2,2017-05-01 18:10:27,2
71,2949,17,5,493.2,1,2017-05-01 19:34:02,2
72,6966,1,5,129.15,2,2017-05-01 19:50:11,2
73,4650,3,5,282.6,1,2017-05-01 19:17:04,2
74,4838,14,4,2173.44,2,2017-05-01 19:49:45,2
75,1182,6,7,38.43,3,2017-05-01 20:28:24,2
76,6112,14,2,1086.72,1,2017-05-01 20:01:51,2
77,4341,15,4,2977.48,3,2017-05-01 20:21:16,2
78,2181,11,1,33.9,2,2017-05-01 21:53:31,2
79,5351,5,9,724.77,3,2017-05-01 21:50:28,2
80,5633,17,8,789.12,1,2017-05-01 21:59:08,2
81,3319,2,6,253.5,2,2017-05-01 21:43:20,2
82,8200,5,10,805.3,2,2017-05-01 22:43:49,2
83,1513,14,8,4346.88,1,2017-05-01 22:02:46,2
84,6280,8,10,95.7,3,2017-05-01 22:15:56,2
85,1387,4,2,144.36,2,2017-05-01 23:00:26,2
86,3668,15,5,3721.85,3,2017-05-01 23:52:48,2
87,1250,14,1,543.36,1,2017-05-02 00:40:00,2
88,313,6,7,38.43,1,2017-05-02 00:38:18,2
89,1440,5,5,402.65,1,2017-05-02 01:09:58,2
90,6295,10,2,340.54,1,2017-05-02 01:24:16,2
91,4767,14,5,2716.8,2,2017-05-02 01:44:20,2
92,4952,6,3,16.47,2,2017-05-02 01:29:32,2
93,8312,7,10,29.6,2,2017-05-02 01:01:00,2
94,6548,7,1,2.96,2,2017-05-02 02:30:30,2
95,1640,10,8,1362.16,1,2017-05-02 02:20:57,2
96,5824,6,5,27.45,1,2017-05-02 03:44:44,2
97,3589,1,3,77.49,3,2017-05-02 04:23:53,2
98,2106,1,4,103.32,3,2017-05-02 04:48:57,2
99,627,4,5,360.9,1,2017-05-02 05:06:56,2
100,1837,13,3,545.94,3,2017-05-02 05:02:04,2
101,6714,17,7,690.48,3,2017-05-02 05:00:07,2
102,4967,6,10,54.9,2,2017-05-02 05:05:26,2
103,311,3,2,113.04,1,2017-05-02 05:27:54,2
104,8309,9,5,71.8,3,2017-05-02 05:51:48,2
105,1903,6,2,10.98,1,2017-05-02 05:20:50,2
106,5327,12,2,441.7,2,2017-05-02 06:52:20,2
107,1888,4,3,216.54,2,2017-05-02 06:34:11,2
108,4380,5,7,563.71,3,2017-05-02 06:31:50,2
109,5166,6,8,43.92,3,2017-05-02 08:31:40,2
110,3773,9,6,86.16,2,2017-05-02 08:36:28,2
111,5682,8,8,76.56,1,2017-05-02 08:58:32,2
112,626,12,10,2208.5,2,2017-05-02 09:57:45,2
113,3692,12,6,1325.1,2,2017-05-02 09:57:40,2
114,5628,3,10,565.2,3,2017-05-02 10:33:19,2
115,1752,2,4,169.0,2,2017-05-02 10:58:38,2
116,3236,10,10,1702.7,3,2017-05-02 11:04:38,2
117,6464,14,1,543.36,3,2017-05-02 11:04:02,2
118,2812,10,10,1702.7,3,2017-05-02 11:00:24,2
119,2221,13,3,545.94,1,2017-05-02 11:21:40,2
120,5846,9,9,129.24,1,2017-05-02 11:41:59,2
121,5151,2,9,380.25,2,2017-05-02 11:21:34,2
122,6573,6,6,32.94,2,2017-05-02 11:37:05,2
123,2920,4,5,360.9,3,2017-05-02 11:21:05,2
124,5317,3,5,282.6,2,2017-05-02 11:04:56,2
125,1117,4,3,216.54,1,2017-05-02 12:54:59,2
126,3992,15,3,2233.11,1,2017-05-02 12:53:59,2
127,5387,6,9,49.41,3,2017-05-02 12:05:25,2
128,2086,2,8,338.0,3,2017-05-02 12:37:55,2
129,2098,6,6,32.94,1,2017-05-02 12:49:12,2
130,5941,17,7,690.48,2,2017-05-02 12:34:52,2
131,1853,12,7,1545.95,1,2017-05-02 13:12:03,2
132,2423,7,9,26.64,3,2017-05-02 13:42:23,2
133,5279,1,2,51.66,2,2017-05-02 13:25:05,2
134,1105,17,2,197.28,1,2017-05-02 13:30:32,2
135,5565,16,10,421.2,2,2017-05-02 13:36:21,2
136,4229,9,7,100.52,2,2017-05-02 13:27:47,2
137,4437,9,3,43.08,3,2017-05-02 14:05:54,2
138,2377,13,7,1273.86,3,2017-05-02 14:31:26,2
139,597,10,9,1532.43,2,2017-05-02 15:11:17,2
140,1277,8,5,47.85,3,2017-05-02 15:56:27,2
141,4784,3,10,565.2,3,2017-05-02 15:57:21,2
142,3241,15,10,7443.7,1,2017-05-02 15:02:37,2
143,4892,7,3,8.88,3,2017-05-02 15:46:42,2
144,2325,2,5,211.25,3,2017-05-02 15:37:52,2
145,4201,8,2,19.14,3,2017-05-02 15:57:24,2
146,6486,15,5,3721.85,2,2017-05-02 16:21:18,2
147,1365,10,4,681.08,1,2017-05-02 16:44:54,2
148,2548,10,9,1532.43,1,2017-05-02 16:16:44,2
149,3831,12,1,220.85,2,2017-05-02 16:26:16,2
150,6632,1,7,180.81,3,2017-05-02 16:42:34,2
151,799,11,9,305.1,2,2017-05-02 17:09:51,2
152,4921,15,3,2233.11,1,2017-05-02 18:36:25,2
153,4682,4,7,505.26,3,2017-05-02 18:20:07,2
154,1777,11,7,237.3,1,2017-05-02 18:02:21,2
155,426,11,6,203.4,1,2017-05-02 18:49:12,2
156,731,8,9,86.13,3,2017-05-02 18:34:31,2
157,3934,2,1,42.25,1,2017-05-02 18:14:56,2
158,6207,3,8,452.16,2,2017-05-02 18:02:46,2
159,6388,13,6,1091.88,1,2017-05-02 19:20:31,2
160,6359,6,3,16.47,2,2017-05-02 19:03:16,2
161,7070,17,6,591.84,3,2017-05-02 19:55:40,2
162,5607,10,2,340.54,3,2017-05-02 19:12:21,2
163,4286,1,8,206.64,3,2017-05-02 19:56:43,2
164,691,13,10,1819.8,2,2017-05-02 20:18:21,2
165,2028,16,1,42.12,1,2017-05-02 20:56:57,2
166,392,13,5,909.9,1,2017-05-02 20:05:20,2
167,2290,5,4,322.12,2,2017-05-02 20:04:31,2
168,3651,15,3,2233.11,1,2017-05-02 21:45:17,2
169,3474,8,5,47.85,3,2017-05-02 21:29:11,2
170,6909,15,2,1488.74,1,2017-05-02 22:07:05,2
171,247,2,8,338.0,1,2017-05-02 22:29:14,2
172,760,16,6,252.72,3,2017-05-02 22:27:34,2
173,383,4,5,360.9,1,2017-05-02 23:43:54,2
174,213,9,8,114.88,1,2017-05-03 00:43:11,2
175,5581,16,3,126.36,1,2017-05-03 00:48:19,2
176,5896,15,5,3721.85,3,2017-05-03 00:51:48,2
177,8300,11,6,203.4,2,2017-05-03 01:24:09,2
178,574,5,6,483.18,1,2017-05-03 01:03:33,2
179,4349,9,8,114.88,3,2017-05-03 01:40:57,2
180,6486,4,10,721.8,2,2017-05-03 01:15:45,2
181,6054,5,8,644.24,3,2017-05-03 01:20:56,2
182,6210,15,2,1488.74,2,2017-05-03 02:26:41,2
183,719,1,1,25.83,2,2017-05-03 02:38:11,2
184,4784,11,3,101.7,3,2017-05-03 02:22:03,2
185,1605,16,5,210.6,1,2017-05-03 03:43:55,2
186,284,3,4,226.08,2,2017-05-03 03:52:59,2
187,3912,3,3,169.56,2,2017-05-03 04:04:53,2
188,1350,4,9,649.62,1,2017-05-03 04:03:36,2
189,5843,3,7,395.64,2,2017-05-03 04:39:55,2
190,4,12,6,1325.1,1,2017-05-03 05:34:51,2
191,3730,2,5,211.25,1,2017-05-03 05:59:40,2
192,3795,12,10,2208.5,3,2017-05-03 05:43:36,2
193,5129,14,5,2716.8,3,2017-05-03 05:52:00,2
194,2608,12,1,220.85,3,2017-05-03 05:31:31,2
195,1028,17,10,986.4,1,2017-05-03 06:28:28,2
196,2602,11,1,33.9,3,2017-05-03 06:14:20,2
197,5735,14,3,1630.08,3,2017-05-03 07:50:45,2
198,8211,17,2,197.28,2,2017-05-03 07:55:46,2
199,6029,9,8,114.88,1,2017-05-03 07:16:54,2
200,3308,15,4,2977.48,1,2017-05-03 07:17:50,2
201,5102,6,6,32.94,1,2017-05-03 08:42:32,2
202,2311,14,4,2173.44,3,2017-05-03 08:44:18,2
203,6782,8,10,95.7,3,2017-05-03 08:03:01,2
204,6261,12,7,1545.95,3,2017-05-03 09:45:47,2
205,5741,4,8,577.44,3,2017-05-03 09:35:18,2
206,1972,10,8,1362.16,3,2017-05-03 09:52:40,2
207,4863,16,6,252.72,1,2017-05-03 10:29:48,2
208,4961,17,8,789.12,3,2017-05-03 10:58:56,2
209,521,7,4,11.84,1,2017-05-03 11:43:30,2
210,371,13,8,1455.84,2,2017-05-03 11:16:07,2
211,5093,10,7,1191.89,1,2017-05-03 11:09:00,2
212,4932,9,7,100.52,2,2017-05-03 12:48:36,2
213,5152,14,4,2173.44,2,2017-05-03 12:01:40,2
214,5986,5,3,241.59,3,2017-05-03 12:22:04,2
215,5825,1,8,206.64,3,2017-05-03 12:16:18,2
216,3418,14,2,1086.72,1,2017-05-03 12:39:49,2
217,1735,2,1,42.25,3,2017-05-03 12:37:46,2
218,5678,16,4,168.48,1,2017-05-03 13:34:13,2
219,5967,14,7,3803.52,3,2017-05-03 13:32:15,2
220,1891,6,4,21.96,2,2017-05-03 13:33:48,2
221,4450,4,9,649.62,1,2017-05-03 14:52:41,2
222,2300,13,1,181.98,2,2017-05-03 14:58:36,2
223,2001,14,8,4346.88,3,2017-05-03 14:03:59,2
224,713,14,9,4890.24,3,2017-05-03 14:35:31,2
225,4326,10,5,851.35,3,2017-05-03 14:12:24,2
226,6834,3,1,56.52,1,2017-05-03 15:41:01,2
227,5643,9,7,100.52,3,2017-05-03 15:02:44,2
228,2419,15,3,2233.11,1,2017-05-03 15:28:44,2
229,6035,17,1,98.64,2,2017-05-03 16:50:19,2
230,2296,17,6,591.84,1,2017-05-03 16:23:08,2
231,5914,3,3,169.56,3,2017-05-03 16:13:47,2
232,5973,9,9,129.24,3,2017-05-03 16:04:49,2
233,6355,17,5,493.2,1,2017-05-03 16:02:18,2
234,3947,1,1,25.83,3,2017-05-03 16:26:04,2
235,618,5,9,724.77,1,2017-05-03 16:46:02,2
236,5311,15,4,2977.48,2,2017-05-03 17:09:10,2
237,1238,14,2,1086.72,3,2017-05-03 17:52:57,2
238,3404,17,1,98.64,3,2017-05-03 17:12:08,2
239,6916,12,4,883.4,3,2017-05-03 17:29:22,2
240,6619,3,4,226.08,3,2017-05-03 18:45:19,2
241,682,7,7,20.72,2,2017-05-03 18:55:28,2
242,4239,8,7,66.99,1,2017-05-03 18:11:38,2
243,2795,10,5,851.35,3,2017-05-03 18:47:21,2
244,3651,10,10,1702.7,3,2017-05-03 18:01:25,2
245,949,10,4,681.08,1,2017-05-03 18:43:54,2
246,2350,15,6,4466.22,1,2017-05-03 18:32:14,2
247,2728,14,1,543.36,1,2017-05-03 18:40:01,2
248,232,3,9,508.68,3,2017-05-03 18:51:53,2
249,3097,3,4,226.08,3,2017-05-03 18:25:44,2
250,737,9,7,100.52,2,2017-05-03 19:33:15,2
251,5721,1,7,180.81,1,2017-05-03 19:06:24,2
252,689,13,5,909.9,3,2017-05-03 20:14:01,2
253,6829,11,3,101.7,1,2017-05-03 20:16:25,2
254,2092,17,2,197.28,3,2017-05-03 20:27:18,2
255,4700,12,8,1766.8,2,2017-05-03 20:57:43,2
256,250,7,2,5.92,1,2017-05-03 20:21:39,2
257,5905,9,4,57.44,1,2017-05-03 20:23:30,2
258,5757,13,8,1455.84,3,2017-05-03 21:09:39,2
259,5994,10,10,1702.7,1,2017-05-03 21:46:16,2
260,5060,14,7,3803.52,3,2017-05-03 21:38:42,2
261,6455,7,5,14.8,2,2017-05-03 22:01:54,2
262,6956,7,1,2.96,1,2017-05-03 22:22:37,2
263,6888,13,1,181.98,1,2017-05-03 22:10:43,2
264,2653,17,10,986.4,3,2017-05-03 22:06:39,2
265,506,14,3,1630.08,1,2017-05-03 22:49:44,2
266,5126,7,8,23.68,3,2017-05-03 23:17:19,2
267,6136,14,5,2716.8,2,2017-05-03 23:37:40,2
268,4525,15,4,2977.48,2,2017-05-03 23:52:47,2
269,4970,12,3,662.55,2,2017-05-04 00:28:20,2
270,438,1,9,232.47,1,2017-05-04 00:00:58,2
271,5425,7,1,2.96,3,2017-05-04 00:23:51,2
272,6580,15,2,1488.74,1,2017-05-04 00:48:31,2
273,3445,16,4,168.48,2,2017-05-04 01:48:20,2
274,215,17,6,591.84,3,2017-05-04 01:05:33,2
275,3182,10,1,170.27,2,2017-05-04 02:07:53,2
276,5100,12,9,1987.65,2,2017-05-04 02:43:36,2
277,1778,10,10,1702.7,1,2017-05-04 03:14:32,2
278,567,7,1,2.96,1,2017-05-04 03:45:39,2
279,389,11,2,67.8,2,2017-05-04 04:56:47,2
280,1839,5,6,483.18,1,2017-05-04 04:24:09,2
281,5632,14,9,4890.24,2,2017-05-04 05:35:31,2
282,6485,11,7,237.3,1,2017-05-04 05:20:44,2
283,5338,14,10,5433.6,3,2017-05-04 05:36:32,2
284,1760,11,3,101.7,1,2017-05-04 06:08:55,2
285,6653,7,5,14.8,3,2017-05-04 07:36:51,2
286,3303,12,7,1545.95,1,2017-05-04 07:57:41,2
287,1796,3,4,226.08,1,2017-05-04 07:51:46,2
288,3076,9,8,114.88,3,2017-05-04 08:13:41,2
289,3681,13,1,181.98,2,2017-05-04 08:07:28,2
290,7009,5,9,724.77,1,2017-05-04 08:21:59,2
291,5445,2,2,84.5,1,2017-05-04 08:25:53,2
292,5543,10,10,1702.7,2,2017-05-04 08:09:04,2
293,181,10,1,170.27,3,2017-05-04 08:16:46,2
294,5730,14,10,5433.6,3,2017-05-04 09:40:00,2
295,5464,12,1,220.85,2,2017-05-04 11:03:15,2
296,4945,16,5,210.6,3,2017-05-04 11:38:28,2
297,1480,16,4,168.48,2,2017-05-04 12:49:21,2
298,4696,3,3,169.56,2,2017-05-04 12:44:17,2
299,3479,13,10,1819.8,1,2017-05-04 13:40:11,2
300,6445,3,4,226.08,3,2017-05-04 13:13:35,2
301,2007,8,3,28.71,3,2017-05-04 14:02:52,2
302,2044,12,5,1104.25,1,2017-05-04 14:21:41,2
303,6979,14,9,4890.24,3,2017-05-04 14:50:52,2
304,636,6,10,54.9,2,2017-05-04 14:06:38,2
305,3623,16,2,84.24,3,2017-05-04 15:44:05,2
306,709,1,1,25.83,2,2017-05-04 15:55:34,2
307,715,15,2,1488.74,3,2017-05-04 15:27:42,2
308,196,8,2,19.14,1,2017-05-04 15:51:57,2
309,6429,10,4,681.08,1,2017-05-04 16:10:10,2
310,760,17,5,493.2,3,2017-05-04 17:06:33,2
311,39,6,3,16.47,3,2017-05-04 17:25:05,2
312,1436,6,9,49.41,2,2017-05-04 17:19:33,2
313,1756,15,9,6699.33,2,2017-05-04 18:51:41,2
314,5524,13,10,1819.8,2,2017-05-04 19:35:44,2
315,2783,14,5,2716.8,3,2017-05-04 19:16:02,2
316,4079,5,1,80.53,3,2017-05-04 20:46:04,2
317,917,2,8,338.0,3,2017-05-04 20:54:17,2
318,498,3,5,282.6,1,2017-05-04 22:53:01,2
319,1984,6,8,43.92,1,2017-05-04 23:25:12,2
320,4254,2,2,84.5,3,2017-05-04 23:14:58,2
321,3059,8,7,66.99,2,2017-05-05 00:20:20,2
322,4115,2,5,211.25,3,2017-05-05 00:04:08,2
323,5606,1,10,258.3,2,2017-05-05 00:31:30,2
324,1502,11,9,305.1,1,2017-05-05 02:55:43,2
325,1528,8,5,47.85,1,2017-05-05 03:53:01,2
326,3809,5,4,322.12,1,2017-05-05 03:54:48,2
327,905,17,7,690.48,2,2017-05-05 03:13:16,2
328,2799,3,5,282.6,3,2017-05-05 04:15:51,2
329,508,5,3,241.59,1,2017-05-05 04:15:24,2
330,4424,1,4,103.32,3,2017-05-05 06:40:16,2
331,4281,10,10,1702.7,3,2017-05-05 06:03:37,2
332,3571,12,1,220.85,2,2017-05-05 06:19:36,2
333,1063,17,8,789.12,2,2017-05-05 07:29:38,2
334,2152,2,9,380.25,3,2017-05-05 07:33:31,2
335,6182,16,7,294.84,1,2017-05-05 07:43:57,2
336,2380,17,10,986.4,1,2017-05-05 08:55:44,2
337,5604,15,8,5954.96,3,2017-05-05 08:14:41,2
338,953,7,2,5.92,1,2017-05-05 08:40:14,2
339,40,5,6,483.18,3,2017-05-05 08:50:25,2
340,4675,10,2,340.54,2,2017-05-05 08:54:46,2
341,4329,15,7,5210.59,2,2017-05-05 09:49:37,2
342,5742,17,9,887.76,3,2017-05-05 09:45:49,2
343,3436,3,3,169.56,1,2017-05-05 09:34:23,2
344,4947,11,3,101.7,2,2017-05-05 09:56:48,2
345,7070,14,8,4346.88,2,2017-05-05 10:02:46,2
346,5886,15,4,2977.48,2,2017-05-05 10:03:42,2
347,2340,3,10,565.2,1,2017-05-05 11:53:55,2
348,127,11,3,101.7,3,2017-05-05 12:27:31,2
349,3865,15,9,6699.33,1,2017-05-05 12:57:21,2
350,2727,10,4,681.08,2,2017-05-05 12:14:25,2
351,4001,3,8,452.16,1,2017-05-05 12:40:57,2
352,1681,1,9,232.47,2,2017-05-05 12:55:31,2
353,705,13,6,1091.88,1,2017-05-05 12:36:52,2
354,3929,2,8,338.0,1,2017-05-05 13:32:28,2
355,3491,7,5,14.8,2,2017-05-05 13:01:54,2
356,3301,11,9,305.1,1,2017-05-05 14:13:17,2
357,6563,5,2,161.06,2,2017-05-05 14:58:00,2
358,3020,16,7,294.84,2,2017-05-05 14:27:35,2
359,5415,2,7,295.75,2,2017-05-05 14:13:51,2
360,6131,8,9,86.13,2,2017-05-05 14:50:52,2
361,1055,11,4,135.6,2,2017-05-05 14:06:43,2
362,311,14,9,4890.24,1,2017-05-05 14:56:19,2
363,3913,14,4,2173.44,2,2017-05-05 15:08:20,2
364,6022,17,6,591.84,3,2017-05-05 15:02:20,2
365,2449,7,7,20.72,2,2017-05-05 15:28:12,2
366,2231,8,3,28.71,3,2017-05-05 15:55:12,2
367,8445,1,2,51.66,1,2017-05-05 17:51:08,2
368,1641,4,4,288.72,3,2017-05-05 17:57:14,2
369,1278,3,10,565.2,2,2017-05-05 17:23:25,2
370,6810,4,5,360.9,3,2017-05-05 18:36:26,2
371,2996,3,2,113.04,2,2017-05-05 18:41:02,2
372,2223,11,9,305.1,3,2017-05-05 19:32:54,2
373,2145,2,8,338.0,1,2017-05-05 19:04:11,2
374,4542,17,7,690.48,2,2017-05-05 19:40:31,2
375,2189,15,6,4466.22,2,2017-05-05 19:36:28,2
376,1577,12,8,1766.8,2,2017-05-05 20:48:01,2
377,2958,3,8,452.16,3,2017-05-05 20:24:35,2
378,288,11,6,203.4,3,2017-05-05 20:57:52,2
379,5138,15,10,7443.7,2,2017-05-05 21:04:50,2
380,1012,14,2,1086.72,1,2017-05-05 22:54:10,2
381,1065,12,6,1325.1,3,2017-05-05 22:49:00,2
382,7011,17,8,789.12,3,2017-05-05 22:38:20,2
383,5712,1,9,232.47,2,2017-05-05 22:24:01,2
384,8471,8,10,95.7,2,2017-05-05 22:53:07,2
385,3279,13,2,363.96,2,2017-05-05 23:27:06,2
386,525,16,10,421.2,2,2017-05-05 23:13:18,2
387,5750,3,7,395.64,2,2017-05-05 23:08:12,2
388,8567,15,9,6699.33,2,2017-05-06 00:17:57,2
389,2543,5,5,402.65,2,2017-05-06 00:27:33,2
390,3634,5,8,644.24,2,2017-05-06 00:42:46,2
391,2104,5,2,161.06,1,2017-05-06 00:53:34,2
392,2383,10,4,681.08,2,2017-05-06 00:14:25,2
393,5881,3,10,565.2,3,2017-05-06 00:40:00,2
394,6456,15,4,2977.48,2,2017-05-06 00:19:03,2
395,3765,14,7,3803.52,3,2017-05-06 01:15:53,2
396,3027,9,7,100.52,3,2017-05-06 01:28:49,2
397,4271,10,9,1532.43,2,2017-05-06 01:06:49,2
398,330,14,8,4346.88,1,2017-05-06 02:48:38,2
399,6448,14,3,1630.08,1,2017-05-06 02:52:58,2
400,5990,14,1,543.36,3,2017-05-06 02:05:03,2
401,4072,7,7,20.72,3,2017-05-06 02:14:04,2
402,6668,12,3,662.55,1,2017-05-06 02:36:00,2
403,3929,2,8,338.0,2,2017-05-06 04:00:45,2
404,3571,9,10,143.6,3,2017-05-06 04:34:19,2
405,2130,11,5,169.5,2,2017-05-06 04:55:50,2
406,3330,15,1,744.37,3,2017-05-06 04:21:13,2
407,2903,12,4,883.4,1,2017-05-06 05:07:32,2
408,516,3,9,508.68,3,2017-05-06 05:03:48,2
409,4747,16,2,84.24,2,2017-05-06 05:44:05,2
410,5498,8,5,47.85,3,2017-05-06 05:24:43,2
411,2256,8,5,47.85,1,2017-05-06 06:10:35,2
412,3400,5,1,80.53,3,2017-05-06 06:24:15,2
413,442,3,7,395.64,2,2017-05-06 06:43:09,2
414,3551,7,5,14.8,2,2017-05-06 07:08:34,2
415,3866,12,10,2208.5,3,2017-05-06 07:33:43,2
416,5087,12,9,1987.65,1,2017-05-06 07:16:20,2
417,1823,7,8,23.68,3,2017-05-06 08:26:01,2
418,8388,2,10,422.5,3,2017-05-06 08:47:39,2
419,705,14,10,5433.6,2,2017-05-06 08:48:40,2
420,5624,2,1,42.25,1,2017-05-06 08:38:59,2
421,978,9,5,71.8,1,2017-05-06 09:29:59,2
422,6620,13,4,727.92,1,2017-05-06 09:10:34,2
423,4963,7,3,8.88,1,2017-05-06 10:38:01,2
424,4040,10,3,510.81,3,2017-05-06 11:42:52,2
425,6222,13,6,1091.88,1,2017-05-06 11:37:53,2
426,2693,15,5,3721.85,3,2017-05-06 11:01:30,2
427,7037,4,1,72.18,2,2017-05-06 11:58:11,2
428,8279,17,9,887.76,2,2017-05-06 11:07:39,2
429,3232,4,1,72.18,3,2017-05-06 11:57:11,2
430,1411,13,6,1091.88,2,2017-05-06 11:24:45,2
431,2051,9,3,43.08,3,2017-05-06 11:16:48,2
432,1542,4,4,288.72,2,2017-05-06 12:37:26,2
433,1533,2,1,42.25,1,2017-05-06 12:02:02,2
434,1605,10,1,170.27,2,2017-05-06 13:34:08,2
435,8251,1,5,129.15,3,2017-05-06 13:18:28,2
436,6725,15,9,6699.33,2,2017-05-06 13:45:13,2
437,2538,10,3,510.81,3,2017-05-06 14:58:14,2
438,6120,10,10,1702.7,3,2017-05-06 14:44:02,2
439,4746,15,8,5954.96,3,2017-05-06 15:27:37,2
440,3699,8,10,95.7,2,2017-05-06 15:17:09,2
441,1492,14,4,2173.44,2,2017-05-06 15:51:58,2
442,938,6,3,16.47,3,2017-05-06 15:41:28,2
443,6705,10,1,170.27,3,2017-05-06 16:22:14,2
444,5316,7,2,5.92,1,2017-05-06 16:43:27,2
445,6449,4,2,144.36,3,2017-05-06 16:56:11,2
446,3316,10,7,1191.89,3,2017-05-06 16:45:10,2
447,8493,8,2,19.14,2,2017-05-06 16:03:03,2
448,2315,4,2,144.36,1,2017-05-06 16:24:28,2
449,1095,8,10,95.7,1,2017-05-06 17:52:06,2
450,6303,10,4,681.08,1,2017-05-06 17:59:15,2
451,8475,1,1,25.83,1,2017-05-06 17:00:00,2
452,2379,9,5,71.8,3,2017-05-06 17:08:10,2
453,4176,6,3,16.47,2,2017-05-06 18:23:52,2
454,4056,1,9,232.47,2,2017-05-06 18:37:57,2
455,6687,5,7,563.71,3,2017-05-06 18:41:32,2
456,781,7,4,11.84,1,2017-05-06 19:52:12,2
457,4845,6,2,10.98,3,2017-05-06 19:46:53,2
458,6727,5,6,483.18,3,2017-05-06 19:27:35,2
459,4039,6,4,21.96,2,2017-05-06 21:32:48,2
460,2508,10,7,1191.89,2,2017-05-06 21:01:32,2
461,1677,11,9,305.1,2,2017-05-06 21:32:53,2
462,1423,5,1,80.53,1,2017-05-06 22:12:08,2
463,270,1,4,103.32,1,2017-05-06 22:50:10,2
464,4803,14,7,3803.52,3,2017-05-06 22:35:28,2
465,4433,17,8,789.12,3,2017-05-06 22:30:39,2
466,4429,13,8,1455.84,1,2017-05-06 22:12:52,2
467,4431,8,2,19.14,1,2017-05-06 22:45:28,2
468,3317,6,3,16.47,1,2017-05-06 22:10:57,2
469,839,3,8,452.16,3,2017-05-06 23:56:18,2
470,3669,1,10,258.3,1,2017-05-07 00:48:51,2
471,4479,8,5,47.85,3,2017-05-07 00:02:55,2
472,3696,17,8,789.12,1,2017-05-07 00:40:33,2
473,4603,13,5,909.9,1,2017-05-07 00:07:22,2
474,3789,12,2,441.7,1,2017-05-07 01:31:32,2
475,4333,12,5,1104.25,3,2017-05-07 01:33:49,2
476,2093,6,3,16.47,1,2017-05-07 01:27:19,2
477,506,8,8,76.56,1,2017-05-07 01:34:29,2
478,5997,1,5,129.15,1,2017-05-07 02:30:23,2
479,5753,16,3,126.36,2,2017-05-07 02:24:17,2
480,4327,9,3,43.08,2,2017-05-07 02:14:35,2
481,4939,12,2,441.7,2,2017-05-07 02:48:07,2
482,2874,15,7,5210.59,1,2017-05-07 03:05:58,2
483,792,10,4,681.08,3,2017-05-07 03:41:41,2
484,1123,11,9,305.1,2,2017-05-07 03:45:02,2
485,3106,5,10,805.3,3,2017-05-07 04:49:16,2
486,8511,3,3,169.56,3,2017-05-07 04:23:28,2
487,6218,13,9,1637.82,3,2017-05-07 04:41:11,2
488,2782,8,8,76.56,1,2017-05-07 04:50:51,2
489,6909,1,3,77.49,2,2017-05-07 04:21:39,2
490,5398,6,6,32.94,2,2017-05-07 05:37:05,2
491,3829,15,2,1488.74,3,2017-05-07 05:43:04,2
492,6548,17,5,493.2,2,2017-05-07 05:40:29,2
493,3936,15,10,7443.7,3,2017-05-07 05:26:39,2
494,7030,12,8,1766.8,3,2017-05-07 05:25:00,2
495,2129,4,4,288.72,1,2017-05-07 05:01:28,2
496,2233,11,1,33.9,2,2017-05-07 05:44:50,2
497,1511,7,2,5.92,3,2017-05-07 05:32:33,2
498,1221,8,6,57.42,1,2017-05-07 05:13:50,2
499,1671,2,3,126.75,2,2017-05-07 05:58:38,2
500,4020,5,1,80.53,1,2017-05-07 07:37:23,2
501,1550,7,2,5.92,2,2017-05-07 07:38:00,2
502,5615,4,9,649.62,1,2017-05-07 07:35:19,2
503,2011,4,8,577.44,3,2017-05-07 07:44:59,2
504,6397,3,7,395.64,3,2017-05-07 08:55:04,2
505,4694,5,8,644.24,1,2017-05-07 08:50:26,2
506,325,14,3,1630.08,2,2017-05-07 08:31:09,2
507,5196,4,3,216.54,3,2017-05-07 08:26:31,2
508,6556,15,3,2233.11,2,2017-05-07 09:37:37,2
509,1978,1,5,129.15,3,2017-05-07 09:01:06,2
510,5722,14,7,3803.52,3,2017-05-07 09:31:15,2
511,1938,7,10,29.6,3,2017-05-07 09:47:51,2
512,4628,2,6,253.5,2,2017-05-07 09:32:25,2
513,6994,13,10,1819.8,1,2017-05-07 10:22:37,2
514,2070,5,10,805.3,1,2017-05-07 10:10:05,2
515,7091,14,9,4890.24,3,2017-05-07 10:01:47,2
516,3879,12,4,883.4,3,2017-05-07 10:46:56,2
517,680,12,4,883.4,2,2017-05-07 10:37:02,2
518,5116,5,7,563.71,3,2017-05-07 10:58:06,2
519,6869,2,4,169.0,2,2017-05-07 11:24:42,2
520,4342,1,7,180.81,3,2017-05-07 11:13:03,2
521,28,16,6,252.72,2,2017-05-07 11:41:43,2
522,738,11,9,305.1,1,2017-05-07 11:39:33,2
523,6792,8,8,76.56,2,2017-05-07 12:45:24,2
524,6263,17,9,887.76,3,2017-05-07 12:53:30,2
525,722,8,9,86.13,2,2017-05-07 13:59:33,2
526,4329,11,8,271.2,3,2017-05-07 13:11:04,2
527,5700,13,7,1273.86,3,2017-05-07 14:15:04,2
528,4530,6,2,10.98,3,2017-05-07 14:01:14,2
529,3461,2,5,211.25,3,2017-05-07 14:48:46,2
530,4679,17,4,394.56,1,2017-05-07 14:12:12,2
531,1137,6,10,54.9,3,2017-05-07 14:42:37,2
532,3509,14,6,3260.16,2,2017-05-07 14:09:23,2
533,4362,4,5,360.9,2,2017-05-07 14:01:30,2
534,4253,15,10,7443.7,1,2017-05-07 14:17:58,2
535,5518,13,6,1091.88,1,2017-05-07 15:37:53,2
536,4588,2,9,380.25,2,2017-05-07 15:04:01,2
537,2934,1,6,154.98,1,2017-05-07 16:38:04,2
538,4336,16,1,42.12,1,2017-05-07 16:46:04,2
539,2413,2,1,42.25,2,2017-05-07 16:14:57,2
540,4265,4,10,721.8,3,2017-05-07 16:35:20,2
541,3296,2,4,169.0,2,2017-05-07 17:03:06,2
542,2665,13,3,545.94,1,2017-05-07 17:42:15,2
543,6519,10,1,170.27,3,2017-05-07 18:00:25,2
544,6304,12,8,1766.8,1,2017-05-07 18:36:54,2
545,931,3,8,452.16,2,2017-05-07 18:27:49,2
546,3958,12,2,441.7,3,2017-05-07 18:08:43,2
547,5798,12,4,883.4,2,2017-05-07 19:44:42,2
548,6998,14,3,1630.08,3,2017-05-07 19:23:28,2
549,5297,3,4,226.08,2,2017-05-07 19:26:43,2
550,3984,14,9,4890.24,1,2017-05-07 19:53:06,2
551,8255,14,8,4346.88,1,2017-05-07 19:42:10,2
552,1771,4,10,721.8,1,2017-05-07 19:46:15,2
553,1152,10,8,1362.16,3,2017-05-07 20:43:58,2
554,5087,14,1,543.36,3,2017-05-07 20:29:06,2
555,4957,10,4,681.08,1,2017-05-07 20:02:29,2
556,3061,8,1,9.57,1,2017-05-07 20:11:44,2
557,421,17,10,986.4,1,2017-05-07 20:10:53,2
558,8256,6,3,16.47,2,2017-05-07 21:27:20,2
559,470,8,8,76.56,2,2017-05-07 21:43:23,2
560,4784,7,1,2.96,1,2017-05-07 21:18:23,2
561,5451,14,4,2173.44,2,2017-05-07 21:25:43,2
562,4635,17,10,986.4,2,2017-05-07 21:38:22,2
563,5467,7,8,23.68,1,2017-05-07 21:46:36,2
564,799,10,4,681.08,2,2017-05-07 22:48:20,2
565,2330,12,2,441.7,2,2017-05-07 23:33:45,2
566,8283,9,2,28.72,1,2017-05-07 23:20:14,2
567,5951,13,10,1819.8,3,2017-05-08 00:46:39,2
568,8625,10,10,1702.7,1,2017-05-08 00:03:37,2
569,3468,2,1,42.25,3,2017-05-08 01:29:05,2
570,4523,3,9,508.68,3,2017-05-08 01:10:28,2
571,2021,16,4,168.48,3,2017-05-08 02:33:00,2
572,2314,8,1,9.57,2,2017-05-08 02:00:48,2
573,6650,4,6,433.08,1,2017-05-08 02:58:17,2
574,1231,7,5,14.8,3,2017-05-08 02:43:31,2
575,2510,5,3,241.59,3,2017-05-08 02:02:27,2
576,4803,11,7,237.3,3,2017-05-08 03:01:20,2
577,3656,4,4,288.72,3,2017-05-08 03:54:01,2
578,6722,1,8,206.64,3,2017-05-08 03:45:36,2
579,3352,10,1,170.27,2,2017-05-08 03:46:17,2
580,192,17,7,690.48,3,2017-05-08 04:51:26,2
581,1242,9,1,14.36,1,2017-05-08 04:50:42,2
582,5064,5,2,161.06,3,2017-05-08 04:09:55,2
583,2416,8,10,95.7,3,2017-05-08 04:11:42,2
584,5095,1,8,206.64,2,2017-05-08 04:37:08,2
585,8385,2,5,211.25,1,2017-05-08 05:43:18,2
586,2994,8,7,66.99,3,2017-05-08 05:40:07,2
587,3049,12,6,1325.1,2,2017-05-08 05:09:48,2
588,3936,12,8,1766.8,3,2017-05-08 05:50:15,2
589,5084,4,2,144.36,3,2017-05-08 05:22:14,2
590,6786,4,10,721.8,1,2017-05-08 05:23:13,2
591,2115,1,8,206.64,3,2017-05-08 06:16:18,2
592,249,7,10,29.6,2,2017-05-08 06:51:06,2
593,1286,8,6,57.42,3,2017-05-08 06:56:15,2
594,6712,11,7,237.3,3,2017-05-08 06:35:05,2
595,4927,17,7,690.48,3,2017-05-08 06:01:08,2
596,1007,14,4,2173.44,1,2017-05-08 07:46:32,2
597,1998,1,8,206.64,3,2017-05-08 07:27:13,2
598,8210,10,8,1362.16,1,2017-05-08 07:54:54,2
599,3610,16,1,42.12,2,2017-05-08 08:06:51,2
600,2622,15,7,5210.59,3,2017-05-08 09:46:23,2
601,2572,16,2,84.24,3,2017-05-08 09:37:24,2
602,5569,16,4,168.48,2,2017-05-08 09:33:59,2
603,630,7,9,26.64,1,2017-05-08 10:10:40,2
604,6524,3,8,452.16,3,2017-05-08 10:21:22,2
605,4778,16,1,42.12,2,2017-05-08 10:56:58,2
606,7063,10,7,1191.89,2,2017-05-08 11:10:13,2
607,2807,3,7,395.64,2,2017-05-08 12:48:37,2
608,6651,15,10,7443.7,2,2017-05-08 12:22:25,2
609,1122,16,8,336.96,3,2017-05-08 12:56:54,2
610,1607,9,5,71.8,1,2017-05-08 12:34:26,2
611,4659,13,6,1091.88,1,2017-05-08 12:30:24,2
612,6584,2,8,338.0,1,2017-05-08 12:24:47,2
613,2873,3,5,282.6,3,2017-05-08 12:02:42,2
614,3866,9,1,14.36,2,2017-05-08 12:33:20,2
615,5262,4,4,288.72,2,2017-05-08 13:03:41,2
616,6020,4,7,505.26,1,2017-05-08 13:52:38,2
617,3180,5,1,80.53,3,2017-05-08 14:55:45,2
618,2053,15,2,1488.74,2,2017-05-08 14:00:26,2
619,3581,15,5,3721.85,1,2017-05-08 14:55:03,2
620,4185,5,2,161.06,1,2017-05-08 15:24:16,2
621,1459,2,5,211.25,1,2017-05-08 15:58:40,2
622,3372,10,6,1021.62,3,2017-05-08 15:16:40,2
623,3737,5,9,724.77,1,2017-05-08 16:09:03,2
624,4351,5,9,724.77,2,2017-05-08 17:06:37,2
625,552,7,10,29.6,1,2017-05-08 18:48:52,2
626,6066,2,3,126.75,1,2017-05-08 18:47:43,2
627,6071,8,9,86.13,2,2017-05-08 18:09:27,2
628,141,16,4,168.48,2,2017-05-08 18:29:46,2
629,4729,6,9,49.41,1,2017-05-08 19:40:22,2
630,1513,5,8,644.24,3,2017-05-08 19:54:41,2
631,6383,4,5,360.9,1,2017-05-08 19:55:02,2
632,3283,3,5,282.6,3,2017-05-08 19:26:44,2
633,8494,17,7,690.48,3,2017-05-08 19:19:43,2
634,1960,12,4,883.4,1,2017-05-08 19:39:16,2
635,498,12,7,1545.95,3,2017-05-08 20:01:08,2
636,2356,10,2,340.54,2,2017-05-08 20:42:51,2
637,4737,1,5,129.15,3,2017-05-08 21:08:35,2
638,3449,1,5,129.15,3,2017-05-08 21:09:35,2
639,5188,17,3,295.92,3,2017-05-08 21:51:21,2
640,6337,4,5,360.9,1,2017-05-08 22:03:44,2
641,8612,12,7,1545.95,2,2017-05-08 22:43:33,2
642,424,13,10,1819.8,3,2017-05-08 22:05:14,2
643,1664,2,5,211.25,1,2017-05-09 00:06:21,2
644,6,2,7,295.75,1,2017-05-09 00:26:59,2
645,668,12,4,883.4,2,2017-05-09 00:19:39,2
646,5879,5,5,402.65,3,2017-05-09 01:23:07,2
647,2745,6,2,10.98,2,2017-05-09 01:39:25,2
648,1861,16,2,84.24,2,2017-05-09 01:01:26,2
649,3040,3,7,395.64,2,2017-05-09 02:07:11,2
650,1244,16,9,379.08,2,2017-05-09 02:59:09,2
651,4122,7,8,23.68,1,2017-05-09 02:11:52,2
652,2086,8,5,47.85,1,2017-05-09 02:43:19,2
653,2427,1,10,258.3,1,2017-05-09 02:23:49,2
654,2189,9,1,14.36,2,2017-05-09 03:28:53,2
655,2667,10,8,1362.16,3,2017-05-09 03:11:15,2
656,1463,8,6,57.42,3,2017-05-09 03:18:17,2
657,2488,4,8,577.44,3,2017-05-09 04:27:37,2
658,5774,9,8,114.88,3,2017-05-09 04:29:03,2
659,4101,12,7,1545.95,3,2017-05-09 04:03:10,2
660,5438,12,6,1325.1,3,2017-05-09 05:21:43,2
661,2701,15,2,1488.74,2,2017-05-09 05:58:25,2
662,376,11,3,101.7,2,2017-05-09 07:02:16,2
663,3605,1,6,154.98,2,2017-05-09 07:18:29,2
664,2062,10,5,851.35,1,2017-05-09 08:23:19,2
665,2411,1,10,258.3,1,2017-05-09 08:23:49,2
666,3159,14,5,2716.8,2,2017-05-09 09:45:21,2
667,4445,13,4,727.92,2,2017-05-09 09:13:59,2
668,3554,14,9,4890.24,2,2017-05-09 10:26:49,2
669,5291,11,1,33.9,2,2017-05-09 10:08:53,2
670,4169,9,1,14.36,3,2017-05-09 10:56:10,2
671,638,5,8,644.24,1,2017-05-09 11:39:33,2
672,3236,11,1,33.9,1,2017-05-09 11:30:43,2
673,5854,10,4,681.08,2,2017-05-09 12:48:21,2
674,4080,17,4,394.56,1,2017-05-09 12:05:31,2
675,2174,7,6,17.76,3,2017-05-09 12:41:19,2
676,3012,15,3,2233.11,3,2017-05-09 12:07:07,2
677,570,17,10,986.4,1,2017-05-09 13:17:34,2
678,3350,11,1,33.9,2,2017-05-09 13:53:32,2
679,8396,8,8,76.56,2,2017-05-09 13:35:42,2
680,2510,16,9,379.08,3,2017-05-09 14:38:34,2
681,8569,5,1,80.53,2,2017-05-09 14:00:12,2
682,2528,11,6,203.4,3,2017-05-09 14:29:36,2
683,2280,15,2,1488.74,2,2017-05-09 15:34:22,2
684,6805,6,10,54.9,3,2017-05-09 15:59:58,2
685,3281,5,10,805.3,2,2017-05-09 16:27:28,2
686,4531,1,10,258.3,3,2017-05-09 17:09:41,2
687,8489,15,4,2977.48,3,2017-05-09 17:03:42,2
688,2331,17,7,690.48,3,2017-05-09 18:41:32,2
689,5274,11,7,237.3,1,2017-05-09 18:54:40,2
690,5881,11,1,33.9,3,2017-05-09 19:37:23,2
691,1576,15,3,2233.11,2,2017-05-09 19:22:16,2
692,5413,17,9,887.76,3,2017-05-09 19:56:43,2
693,5002,4,10,721.8,1,2017-05-09 19:13:31,2
694,3230,7,10,29.6,1,2017-05-09 20:15:08,2
695,120,1,3,77.49,2,2017-05-09 20:39:14,2
696,3267,2,6,253.5,1,2017-05-09 20:20:31,2
697,5884,2,5,211.25,3,2017-05-09 20:05:09,2
698,2456,6,9,49.41,2,2017-05-09 20:42:35,2
699,6621,16,8,336.96,2,2017-05-09 21:08:01,2
700,4261,9,1,14.36,1,2017-05-09 21:49:42,2
701,1932,11,2,67.8,2,2017-05-09 21:30:44,2
702,1800,11,4,135.6,2,2017-05-09 21:05:43,2
703,1739,3,8,452.16,3,2017-05-09 22:45:24,2
704,4026,6,6,32.94,2,2017-05-09 22:29:23,2
705,2076,4,10,721.8,2,2017-05-09 22:00:23,2
706,3109,16,6,252.72,2,2017-05-09 22:58:05,2
707,3913,15,7,5210.59,1,2017-05-09 22:41:56,2
708,5231,11,7,237.3,2,2017-05-09 23:57:54,2
709,3853,17,4,394.56,3,2017-05-09 23:11:59,2
710,8254,13,1,181.98,1,2017-05-09 23:31:18,2
711,4399,15,1,744.37,2,2017-05-09 23:46:16,2
712,8272,17,4,394.56,2,2017-05-10 00:35:00,2
713,5670,7,4,11.84,1,2017-05-10 01:11:46,2
714,4317,11,2,67.8,2,2017-05-10 01:13:10,2
715,112,12,2,441.7,2,2017-05-10 01:57:48,2
716,1860,17,2,197.28,3,2017-05-10 03:08:43,2
717,1290,6,7,38.43,1,2017-05-10 03:11:02,2
718,6919,7,8,23.68,1,2017-05-10 03:45:36,2
719,2616,7,9,26.64,1,2017-05-10 04:35:43,2
720,3630,6,2,10.98,3,2017-05-10 05:10:55,2
721,2540,15,8,5954.96,2,2017-05-10 05:42:57,2
722,4748,2,9,380.25,3,2017-05-10 05:23:48,2
723,1675,15,6,4466.22,2,2017-05-10 06:55:04,2
724,3149,7,6,17.76,2,2017-05-10 06:56:40,2
725,3580,8,10,95.7,2,2017-05-10 06:29:05,2
726,1313,5,9,724.77,1,2017-05-10 06:01:23,2
727,6373,9,10,143.6,1,2017-05-10 07:40:47,2
728,6258,2,6,253.5,2,2017-05-10 07:56:28,2
729,1945,4,6,433.08,3,2017-05-10 07:00:18,2
730,821,10,1,170.27,3,2017-05-10 07:17:47,2
731,1231,15,10,7443.7,3,2017-05-10 08:52:42,2
732,5131,14,2,1086.72,2,2017-05-10 09:33:21,2
733,4390,14,10,5433.6,3,2017-05-10 09:56:21,2
734,842,16,5,210.6,3,2017-05-10 09:10:11,2
735,5876,10,10,1702.7,1,2017-05-10 09:22:13,2
736,1240,10,4,681.08,3,2017-05-10 09:47:21,2
737,856,1,1,25.83,1,2017-05-10 09:46:39,2
738,6765,10,8,1362.16,3,2017-05-10 10:27:37,2
739,4446,11,5,169.5,2,2017-05-10 11:44:56,2
740,6930,9,7,100.52,1,2017-05-10 11:47:24,2
741,3124,8,10,95.7,2,2017-05-10 11:02:49,2
742,6566,7,4,11.84,3,2017-05-10 11:23:54,2
743,2638,12,9,1987.65,2,2017-05-10 11:35:56,2
744,6451,11,4,135.6,1,2017-05-10 11:03:30,2
745,799,13,7,1273.86,2,2017-05-10 12:11:50,2
746,3266,10,9,1532.43,2,2017-05-10 13:02:35,2
747,5242,3,8,452.16,3,2017-05-10 13:58:31,2
748,3215,13,4,727.92,3,2017-05-10 13:41:16,2
749,2477,3,5,282.6,1,2017-05-10 14:37:39,2
750,3320,4,10,721.8,2,2017-05-10 15:27:39,2
751,2279,8,2,19.14,2,2017-05-10 15:22:27,2
752,3798,5,10,805.3,2,2017-05-10 16:34:08,2
753,4329,9,10,143.6,1,2017-05-10 16:04:49,2
754,4209,13,1,181.98,1,2017-05-10 16:18:24,2
755,5318,7,1,2.96,3,2017-05-10 17:48:53,2
756,2298,3,7,395.64,2,2017-05-10 17:40:56,2
757,6537,11,9,305.1,3,2017-05-10 17:36:08,2
758,5809,17,5,493.2,1,2017-05-10 17:01:18,2
759,5859,13,8,1455.84,2,2017-05-10 17:58:43,2
760,6135,3,1,56.52,2,2017-05-10 17:16:58,2
761,4152,1,5,129.15,3,2017-05-10 18:29:22,2
762,5201,8,8,76.56,2,2017-05-10 18:19:20,2
763,4475,17,1,98.64,3,2017-05-10 18:55:45,2
764,3955,15,2,1488.74,1,2017-05-10 19:48:31,2
765,4760,5,2,161.06,1,2017-05-10 19:01:14,2
766,4121,2,7,295.75,2,2017-05-10 19:12:39,2
767,2897,17,5,493.2,1,2017-05-10 19:34:02,2
768,5229,16,7,294.84,3,2017-05-10 19:41:44,2
769,6860,6,1,5.49,1,2017-05-10 20:23:03,2
770,2,2,4,169.0,1,2017-05-10 20:37:50,2
771,5521,9,5,71.8,3,2017-05-10 20:16:51,2
772,6505,2,4,169.0,2,2017-05-10 21:48:45,2
773,4079,1,3,77.49,2,2017-05-10 22:47:56,2
774,1053,2,6,253.5,1,2017-05-10 22:40:06,2
775,1420,16,5,210.6,2,2017-05-10 22:35:14,2
776,3659,9,10,143.6,3,2017-05-10 22:41:00,2
777,2389,10,9,1532.43,3,2017-05-10 22:47:15,2
778,2262,16,5,210.6,3,2017-05-10 22:28:35,2
779,5149,9,7,100.52,1,2017-05-10 23:13:40,2
780,1598,9,3,43.08,2,2017-05-10 23:37:38,2
781,3723,6,1,5.49,2,2017-05-11 00:29:29,2
782,4241,13,5,909.9,1,2017-05-11 00:07:21,2
783,5767,5,7,563.71,2,2017-05-11 01:20:55,2
784,8862,16,3,126.36,2,2017-05-11 01:33:59,2
785,6432,2,3,126.75,2,2017-05-11 01:17:13,2
786,4512,6,5,27.45,1,2017-05-11 02:54:37,2
787,7025,16,2,84.24,3,2017-05-11 02:51:32,2
788,1506,10,7,1191.89,2,2017-05-11 02:55:52,2
789,952,11,8,271.2,3,2017-05-11 02:29:38,2
790,3195,17,4,394.56,2,2017-05-11 02:15:25,2
791,2153,15,1,744.37,3,2017-05-11 03:22:14,2
792,3177,4,10,721.8,2,2017-05-11 03:00:23,2
793,4170,5,8,644.24,3,2017-05-11 03:13:16,2
794,4164,6,7,38.43,1,2017-05-11 03:27:25,2
795,5910,9,8,114.88,1,2017-05-11 04:27:48,2
796,4801,8,8,76.56,1,2017-05-11 04:49:50,2
797,4203,16,1,42.12,3,2017-05-11 04:44:02,2
798,3826,8,10,95.7,2,2017-05-11 05:13:43,2
799,5303,13,4,727.92,2,2017-05-11 05:15:01,2
800,1894,7,8,23.68,2,2017-05-11 06:35:41,2
801,5306,7,1,2.96,1,2017-05-11 06:27:05,2
802,7097,16,8,336.96,3,2017-05-11 06:27:37,2
803,2157,12,7,1545.95,1,2017-05-11 07:04:22,2
804,3143,8,7,66.99,2,2017-05-11 07:23:33,2
805,5285,11,2,67.8,3,2017-05-11 07:33:58,2
806,3922,4,7,505.26,1,2017-05-11 07:13:28,2
807,1178,2,10,422.5,1,2017-05-11 07:22:37,2
808,6132,6,2,10.98,3,2017-05-11 07:30:31,2
809,3610,11,4,135.6,1,2017-05-11 07:03:29,2
810,5868,13,9,1637.82,3,2017-05-11 08:23:48,2
811,3068,7,8,23.68,1,2017-05-11 08:40:08,2
812,3554,12,1,220.85,2,2017-05-11 08:55:33,2
813,6474,8,3,28.71,3,2017-05-11 08:37:49,2
814,5124,6,10,54.9,3,2017-05-11 08:07:40,2
815,8721,5,1,80.53,3,2017-05-11 08:45:03,2
816,1974,4,2,144.36,3,2017-05-11 08:27:42,2
817,4421,17,8,789.12,2,2017-05-11 08:44:47,2
818,5316,17,4,394.56,3,2017-05-11 09:20:52,2
819,1414,11,6,203.4,3,2017-05-11 09:21:55,2
820,1080,3,9,508.68,2,2017-05-11 09:51:52,2
821,5656,13,8,1455.84,2,2017-05-11 09:17:19,2
822,6630,15,8,5954.96,1,2017-05-11 09:35:18,2
823,2137,13,4,727.92,3,2017-05-11 10:34:36,2
824,5505,4,7,505.26,2,2017-05-11 10:35:17,2
825,5227,16,1,42.12,3,2017-05-11 10:26:28,2
826,8832,16,3,126.36,3,2017-05-11 10:11:10,2
827,5852,9,4,57.44,2,2017-05-11 11:45:18,2
828,2801,4,6,433.08,2,2017-05-11 11:13:26,2
829,6313,2,10,422.5,2,2017-05-11 11:28:04,2
830,5741,5,8,644.24,1,2017-05-11 12:39:33,2
831,69,17,2,197.28,3,2017-05-11 13:09:55,2
832,228,9,4,57.44,2,2017-05-11 13:25:43,2
833,8602,3,10,565.2,3,2017-05-11 13:33:19,2
834,2660,11,6,203.4,2,2017-05-11 13:58:05,2
835,701,11,3,101.7,3,2017-05-11 13:48:08,2
836,6038,6,10,54.9,1,2017-05-11 14:22:48,2
837,1841,13,5,909.9,2,2017-05-11 16:20:29,2
838,4392,9,5,71.8,3,2017-05-11 16:51:48,2
839,5155,9,9,129.24,2,2017-05-11 16:08:15,2
840,1206,8,4,38.28,3,2017-05-11 16:28:57,2
841,6689,1,10,258.3,1,2017-05-11 17:04:14,2
842,6569,4,6,433.08,3,2017-05-11 17:14:39,2
843,1888,6,2,10.98,3,2017-05-11 17:20:38,2
844,1731,17,2,197.28,1,2017-05-11 18:30:43,2
845,3871,5,4,322.12,3,2017-05-11 18:25:19,2
846,6145,17,1,98.64,3,2017-05-11 18:29:31,2
847,2632,7,3,8.88,2,2017-05-11 18:05:18,2
848,1582,5,10,805.3,1,2017-05-11 18:58:10,2
849,2569,13,10,1819.8,2,2017-05-11 18:28:04,2
850,5886,2,9,380.25,1,2017-05-11 18:45:25,2
851,2819,10,2,340.54,2,2017-05-11 19:20:01,2
852,132,17,10,986.4,3,2017-05-11 19:25:14,2
853,2542,16,6,252.72,2,2017-05-11 20:55:52,2
854,261,2,1,42.25,3,2017-05-11 20:20:24,2
855,4438,5,10,805.3,1,2017-05-11 21:36:09,2
856,1458,13,5,909.9,3,2017-05-11 21:35:51,2
857,5386,13,8,1455.84,1,2017-05-11 22:54:18,2
858,3784,13,10,1819.8,1,2017-05-11 22:44:25,2
859,6030,15,8,5954.96,2,2017-05-11 22:24:23,2
860,3436,10,1,170.27,3,2017-05-11 22:09:06,2
861,6756,5,2,161.06,2,2017-05-11 22:34:11,2
862,4309,6,1,5.49,3,2017-05-11 22:32:44,2
863,4455,11,8,271.2,1,2017-05-11 22:16:30,2
864,2209,5,6,483.18,2,2017-05-11 22:57:05,2
865,4390,3,7,395.64,3,2017-05-11 23:34:27,2
866,8949,15,1,744.37,2,2017-05-11 23:55:09,2
867,5414,16,6,252.72,3,2017-05-12 00:36:16,2
868,4547,2,4,169.0,2,2017-05-12 00:28:09,2
869,4143,13,6,1091.88,1,2017-05-12 00:27:11,2
870,8738,15,4,2977.48,2,2017-05-12 00:19:04,2
871,8948,8,4,38.28,2,2017-05-12 01:37:51,2
872,6429,16,7,294.84,1,2017-05-12 01:20:55,2
873,6474,10,7,1191.89,2,2017-05-12 03:54:51,2
874,6113,13,5,909.9,2,2017-05-12 03:00:53,2
875,1728,2,6,253.5,3,2017-05-12 03:59:42,2
876,3389,10,8,1362.16,1,2017-05-12 04:56:06,2
877,6549,15,7,5210.59,3,2017-05-12 04:45:11,2
878,3337,17,3,295.92,3,2017-05-12 04:23:04,2
879,8855,14,6,3260.16,1,2017-05-12 04:24:32,2
880,3711,1,6,154.98,3,2017-05-12 05:33:38,2
881,1750,7,4,11.84,3,2017-05-12 05:33:36,2
882,2250,11,10,339.0,3,2017-05-12 05:10:06,2
883,435,7,3,8.88,2,2017-05-12 05:58:38,2
884,3465,2,8,338.0,2,2017-05-12 06:52:04,2
885,2122,8,5,47.85,2,2017-05-12 06:29:10,2
886,6363,14,1,543.36,3,2017-05-12 06:01:50,2
887,4091,8,8,76.56,2,2017-05-12 06:16:06,2
888,9074,1,6,154.98,3,2017-05-12 07:40:18,2
889,4159,14,8,4346.88,3,2017-05-12 07:56:19,2
890,467,8,7,66.99,3,2017-05-12 07:26:47,2
891,2253,3,8,452.16,2,2017-05-12 08:35:30,2
892,6941,7,3,8.88,2,2017-05-12 08:48:56,2
893,4603,16,1,42.12,3,2017-05-12 09:26:29,2
894,2908,10,10,1702.7,1,2017-05-12 09:58:10,2
895,3138,9,9,129.24,2,2017-05-12 09:45:13,2
896,6702,14,5,2716.8,3,2017-05-12 10:22:31,2
897,1855,2,8,338.0,2,2017-05-12 10:41:09,2
898,8486,7,7,20.72,2,2017-05-12 10:52:15,2
899,1706,1,1,25.83,1,2017-05-12 10:20:36,2
900,856,7,1,2.96,1,2017-05-12 11:18:23,2
901,1148,9,4,57.44,3,2017-05-12 11:11:23,2
902,4621,5,9,724.77,2,2017-05-12 11:12:17,2
903,6808,6,1,5.49,2,2017-05-12 11:29:30,2
904,5158,1,9,232.47,3,2017-05-12 11:23:48,2
905,3762,1,8,206.64,3,2017-05-12 12:06:25,2
906,6735,3,2,113.04,1,2017-05-12 12:29:07,2
907,3546,17,2,197.28,2,2017-05-12 12:55:47,2
908,2154,13,3,545.94,2,2017-05-12 12:26:55,2
909,7030,15,1,744.37,3,2017-05-12 13:41:49,2
910,4562,16,2,84.24,1,2017-05-12 13:08:54,2
911,5957,2,10,422.5,3,2017-05-12 14:20:24,2
912,558,9,4,57.44,1,2017-05-12 15:52:47,2
913,4590,9,2,28.72,1,2017-05-12 15:37:36,2
914,3445,16,10,421.2,3,2017-05-12 15:21:00,2
915,1008,1,8,206.64,2,2017-05-12 15:46:49,2
916,8615,9,10,143.6,3,2017-05-12 15:25:39,2
917,475,6,1,5.49,3,2017-05-12 16:47:53,2
918,5324,3,1,56.52,3,2017-05-12 16:44:15,2
919,5553,2,3,126.75,2,2017-05-12 16:26:54,2
920,363,9,2,28.72,1,2017-05-12 16:03:52,2
921,2694,1,4,103.32,1,2017-05-12 17:48:58,2
922,6465,4,7,505.26,2,2017-05-12 17:51:39,2
923,3937,4,10,721.8,3,2017-05-12 17:34:20,2
924,8246,1,1,25.83,3,2017-05-12 17:47:53,2
925,2406,11,9,305.1,2,2017-05-12 17:40:34,2
926,8403,5,8,644.24,1,2017-05-12 18:55:54,2
927,859,8,1,9.57,1,2017-05-12 18:39:59,2
928,2128,15,1,744.37,2,2017-05-12 18:46:16,2
929,6729,3,1,56.52,2,2017-05-12 18:19:11,2
930,8944,3,4,226.08,2,2017-05-12 18:26:43,2
931,3707,16,1,42.12,1,2017-05-12 18:48:17,2
932,4783,7,2,5.92,1,2017-05-12 19:59:49,2
933,1345,12,10,2208.5,1,2017-05-12 20:02:13,2
934,4353,8,5,47.85,2,2017-05-12 20:18:17,2
935,6675,4,4,288.72,1,2017-05-12 20:25:31,2
936,3615,2,2,84.5,1,2017-05-12 20:41:15,2
937,7081,17,2,197.28,1,2017-05-12 20:28:30,2
938,5681,4,3,216.54,2,2017-05-12 20:41:51,2
939,36,16,5,210.6,1,2017-05-12 21:21:06,2
940,1793,15,1,744.37,1,2017-05-12 21:11:19,2
941,660,9,10,143.6,2,2017-05-12 22:55:09,2
942,3111,5,6,483.18,3,2017-05-12 22:01:19,2
943,3401,15,5,3721.85,2,2017-05-12 23:17:51,2
944,4599,12,7,1545.95,2,2017-05-12 23:34:52,2
945,7088,12,2,441.7,3,2017-05-13 00:12:57,2
946,4293,14,5,2716.8,2,2017-05-13 00:28:59,2
947,7007,15,9,6699.33,3,2017-05-13 00:57:08,2
948,3249,6,2,10.98,3,2017-05-13 00:35:59,2
949,5408,15,8,5954.96,3,2017-05-13 01:39:44,2
950,1883,4,6,433.08,1,2017-05-13 01:53:51,1
951,2178,13,5,909.9,1,2017-05-13 02:41:17,1
952,3864,11,9,305.1,1,2017-05-13 02:39:21,1
953,1748,15,10,7443.7,1,2017-05-13 02:04:49,1
954,929,12,2,441.7,3,2017-05-13 02:02:15,1
955,1409,15,5,3721.85,2,2017-05-13 03:33:12,1
956,561,14,7,3803.52,2,2017-05-13 03:38:55,1
957,8994,17,7,690.48,3,2017-05-13 04:49:14,1
958,9015,14,7,3803.52,2,2017-05-13 04:40:55,1
959,1684,9,5,71.8,1,2017-05-13 04:56:14,1
960,4955,6,9,49.41,1,2017-05-13 04:39:21,1
961,5313,15,6,4466.22,3,2017-05-13 04:57:16,1
962,8757,13,7,1273.86,2,2017-05-13 05:09:37,1
963,346,17,7,690.48,1,2017-05-13 05:35:05,1
964,5548,15,4,2977.48,1,2017-05-13 05:41:53,1
965,1029,2,10,422.5,1,2017-05-13 05:44:25,1
966,145,12,2,441.7,3,2017-05-13 05:27:18,1
967,9091,6,1,5.49,3,2017-05-13 05:37:11,1
968,4576,15,5,3721.85,2,2017-05-13 05:53:48,1
969,3857,15,2,1488.74,3,2017-05-13 05:17:01,1
970,5163,11,1,33.9,2,2017-05-13 06:33:56,1
971,3544,13,9,1637.82,3,2017-05-13 06:32:29,1
972,3606,17,10,986.4,3,2017-05-13 06:57:57,1
973,2429,8,4,38.28,1,2017-05-13 06:38:51,1
974,3924,15,4,2977.48,1,2017-05-13 06:43:06,1
975,6034,7,10,29.6,1,2017-05-13 07:04:14,1
976,2411,12,7,1545.95,2,2017-05-13 07:08:37,1
977,8603,5,8,644.24,2,2017-05-13 07:52:40,1
978,2728,10,1,170.27,3,2017-05-13 07:05:52,1
979,943,12,4,883.4,2,2017-05-13 08:44:43,1
980,3750,3,5,282.6,2,2017-05-13 08:48:34,3
981,365,12,1,220.85,1,2017-05-13 08:33:44,3
982,143,6,8,43.92,2,2017-05-13 08:11:03,3
983,3850,11,6,203.4,3,2017-05-13 09:11:01,3
984,3279,5,8,644.24,2,2017-05-13 09:50:27,3
985,4932,5,8,644.24,1,2017-05-13 09:48:14,3
986,9152,16,5,210.6,1,2017-05-13 09:24:19,3
987,597,10,4,681.08,2,2017-05-13 09:12:23,3
988,8568,14,7,3803.52,1,2017-05-13 09:11:38,3
989,3492,10,6,1021.62,1,2017-05-13 09:54:50,3
990,3322,10,7,1191.89,3,2017-05-13 09:46:12,3
991,6079,16,6,252.72,2,2017-05-13 10:29:48,3
992,4746,12,2,441.7,1,2017-05-13 10:55:35,3
993,3252,17,6,591.84,2,2017-05-13 10:36:04,3
994,2654,3,8,452.16,1,2017-05-13 10:59:32,3
995,2212,8,1,9.57,3,2017-05-13 10:45:27,3
996,4733,13,2,363.96,1,2017-05-13 10:28:06,3
997,1055,12,10,2208.5,3,2017-05-13 11:01:12,3
998,8232,17,9,887.76,3,2017-05-13 11:04:24,3
999,789,11,4,135.6,1,2017-05-13 12:16:25,3
1000,5956,11,1,33.9,3,2017-05-13 12:12:08,3
